date,pm25
2019-01-01,31.0
2019-01-02,47.7
2019-01-03,173.0
2019-01-04,192.0
2019-01-05,85.5
2019-01-06,27.5
2019-01-07,28.1
2019-01-08,48.0
2019-01-09,31.0
2019-01-10,104.0
2019-01-11,154.0
2019-01-12,54.8
2019-01-13,25.9
2019-01-14,20.7
2019-01-15,53.8
2019-01-16,115.0
2019-01-17,117.0
2019-01-18,27.0
2019-01-19,27.4
2019-01-20,34.5
2019-01-21,26.5
2019-01-22,34.8
2019-01-23,21.8
2019-01-24,23.8
2019-01-25,35.5
2019-01-26,24.5
2019-01-27,49.2
2019-01-28,156.0
2019-01-29,30.4
2019-01-30,30.4
2019-01-31,57.3
2019-02-01,67.8
2019-02-02,30.2
2019-02-03,74.8
2019-02-04,99.7
2019-02-05,52.1
2019-02-06,47.7
2019-02-07,80.3
2019-02-08,117.0
2019-02-09,25.8
2019-02-10,52.3
2019-02-11,40.7
2019-02-12,40.4
2019-02-13,135.0
2019-02-14,262.0
2019-02-15,27.8
2019-02-16,22.8
2019-02-17,23.1
2019-02-18,20.8
2019-02-19,17.2
2019-02-20,19.6
2019-02-21,19.3
2019-02-22,19.0
2019-02-23,22.2
2019-02-24,20.6
2019-02-25,24.1
2019-02-26,24.3
2019-02-27,18.8
2019-02-28,90.5
2019-03-01,31.8
2019-03-02,124.0
2019-03-03,19.9
2019-03-04,18.0
2019-03-05,16.2
2019-03-06,17.0
2019-03-07,20.3
2019-03-08,35.7
2019-03-09,75.1
2019-03-10,49.3
2019-03-11,27.1
2019-03-12,26.5
2019-03-13,23.5
2019-03-14,23.9
2019-03-15,24.5
2019-03-16,18.3
2019-03-17,58.7
2019-03-18,51.1
2019-03-19,32.0
2019-03-20,22.6
2019-03-21,20.8
2019-03-22,20.3
2019-03-23,27.0
2019-03-24,
2019-03-25,
2019-03-26,23.9
2019-03-27,35.7
2019-03-28,58.8
2019-03-29,
2019-03-30,24.3
2019-03-31,19.9
2019-04-01,112.0
2019-04-02,52.5
2019-04-03,54.5
2019-04-04,19.5
2019-04-05,25.5
2019-04-06,26.4
2019-04-07,42.9
2019-04-08,50.1
2019-04-09,41.6
2019-04-10,58.5
2019-04-11,42.9
2019-04-12,26.9
2019-04-13,33.4
2019-04-14,29.9
2019-04-15,33.4
2019-04-16,25.2
2019-04-17,19.8
2019-04-18,25.0
2019-04-19,29.4
2019-04-20,31.8
2019-04-21,34.4
2019-04-22,47.7
2019-04-23,55.1
2019-04-24,4.0
2019-04-25,5.88
2019-04-26,7.29
2019-04-27,7.18
2019-04-28,6.29
2019-04-29,5.75
2019-04-30,6.88
2019-05-01,8.58
2019-05-02,9.55
2019-05-03,23.3
2019-05-04,29.3
2019-05-05,19.7
2019-05-06,52.4
2019-05-07,53.4
2019-05-08,33.2
2019-05-09,28.8
2019-05-10,19.7
2019-05-11,11.5
2019-05-12,20.4
2019-05-13,17.1
2019-05-14,11.8
2019-05-15,9.0
2019-05-16,13.8
2019-05-17,9.67
2019-05-18,8.67
2019-05-19,6.92
2019-05-20,8.63
2019-05-21,5.5
2019-05-22,9.04
2019-05-23,9.23
2019-05-24,7.25
2019-05-25,7.58
2019-05-26,9.04
2019-05-27,23.0
2019-05-28,8.74
2019-05-29,23.5
2019-05-30,17.2
2019-05-31,12.2
2019-06-01,13.6
2019-06-02,10.2
2019-06-03,8.63
2019-06-04,5.38
2019-06-05,5.75
2019-06-06,5.42
2019-06-07,6.17
2019-06-08,7.29
2019-06-09,12.9
2019-06-10,7.88
2019-06-11,7.05
2019-06-12,6.86
2019-06-13,8.24
2019-06-14,6.42
2019-06-15,12.1
2019-06-16,3.5
2019-06-17,3.75
2019-06-18,3.25
2019-06-19,13.2
2019-06-20,8.88
2019-06-21,7.71
2019-06-22,15.2
2019-06-23,5.26
2019-06-24,7.92
2019-06-25,15.6
2019-06-26,9.63
2019-06-27,10.7
2019-06-28,4.08
2019-06-29,4.75
2019-06-30,8.38
2019-07-01,5.46
2019-07-02,5.83
2019-07-03,4.64
2019-07-04,4.5
2019-07-05,7.83
2019-07-06,7.53
2019-07-07,5.0
2019-07-08,9.46
2019-07-09,9.38
2019-07-10,8.54
2019-07-11,6.17
2019-07-12,6.29
2019-07-13,8.71
2019-07-14,16.9
2019-07-15,9.25
2019-07-16,8.71
2019-07-17,22.0
2019-07-18,6.0
2019-07-19,8.83
2019-07-20,15.9
2019-07-21,14.4
2019-07-22,10.5
2019-07-23,8.42
2019-07-24,7.5
2019-07-25,77.9
2019-07-26,17.5
2019-07-27,45.8
2019-07-28,47.0
2019-07-29,21.5
2019-07-30,6.58
2019-07-31,9.92
2019-08-01,9.52
2019-08-02,7.33
2019-08-03,6.75
2019-08-04,15.3
2019-08-05,7.92
2019-08-06,11.3
2019-08-07,7.92
2019-08-08,9.08
2019-08-09,6.5
2019-08-10,9.17
2019-08-11,8.14
2019-08-12,11.1
2019-08-13,6.33
2019-08-14,5.54
2019-08-15,7.54
2019-08-16,10.8
2019-08-17,14.3
2019-08-18,13.4
2019-08-19,10.6
2019-08-20,7.08
2019-08-21,8.08
2019-08-22,7.04
2019-08-23,11.6
2019-08-24,9.88
2019-08-25,8.75
2019-08-26,8.91
2019-08-27,6.68
2019-08-28,8.5
2019-08-29,8.21
2019-08-30,15.2
2019-08-31,4.79
2019-09-01,5.0
2019-09-02,4.83
2019-09-03,5.92
2019-09-04,11.1
2019-09-05,7.7
2019-09-06,24.1
2019-09-07,20.5
2019-09-08,16.4
2019-09-09,23.8
2019-09-10,9.86
2019-09-11,13.3
2019-09-12,22.0
2019-09-13,8.88
2019-09-14,20.2
2019-09-15,22.9
2019-09-16,29.2
2019-09-17,11.0
2019-09-18,14.4
2019-09-19,8.83
2019-09-20,10.1
2019-09-21,13.1
2019-09-22,13.3
2019-09-23,4.08
2019-09-24,5.83
2019-09-25,7.92
2019-09-26,28.1
2019-09-27,16.5
2019-09-28,7.65
2019-09-29,7.65
2019-09-30,14.0
2019-10-01,13.5
2019-10-02,72.3
2019-10-03,58.0
2019-10-04,77.0
2019-10-05,88.6
2019-10-06,
2019-10-07,46.8
2019-10-08,21.5
2019-10-09,8.67
2019-10-10,10.2
2019-10-11,
2019-10-12,34.5
2019-10-13,14.1
2019-10-14,8.46
2019-10-15,4.17
2019-10-16,5.46
2019-10-17,4.25
2019-10-18,3.5
2019-10-19,10.7
2019-10-20,14.0
2019-10-21,18.8
2019-10-22,9.88
2019-10-23,4.79
2019-10-24,4.96
2019-10-25,12.0
2019-10-26,10.0
2019-10-27,11.3
2019-10-28,7.88
2019-10-29,10.5
2019-10-30,15.0
2019-10-31,12.4
2019-11-01,5.77
2019-11-02,10.5
2019-11-03,30.0
2019-11-04,30.9
2019-11-05,13.5
2019-11-06,6.13
2019-11-07,2.55
2019-11-08,3.57
2019-11-09,6.0
2019-11-10,33.6
2019-11-11,28.5
2019-11-12,5.65
2019-11-13,2.0
2022-10-20,7.63
2022-10-21,12.0
2022-10-22,50.0
2022-10-23,8.2
2022-10-24,7.0
2022-10-25,6.41
2022-10-26,4.92
2022-10-27,6.79
2022-10-28,7.17
2022-10-29,18.6
2022-10-30,11.0
2022-10-31,9.04
2022-11-01,7.46
2022-11-02,5.63
2022-11-03,5.79
2022-11-04,4.29
2022-11-05,6.67
2022-11-06,8.33
2022-11-07,9.25
2022-11-08,17.3
2022-11-09,6.79
2022-11-10,6.88
2022-11-11,5.25
2022-11-12,2.92
2022-11-13,4.42
2022-11-14,6.38
2022-11-15,3.63
2022-11-16,6.54
2022-11-17,8.38
2022-11-18,13.7
2022-11-19,21.9
2022-11-20,27.0
2022-11-21,46.2
2022-11-22,16.8
2022-11-23,17.3
2022-11-24,14.0
2022-11-25,21.5
2022-11-26,24.8
2022-11-27,36.5
2022-11-28,29.7
2022-11-29,31.8
2022-11-30,46.4
2022-12-01,16.0
2022-12-02,13.5
2022-12-03,13.0
2022-12-04,26.6
2022-12-05,25.4
2022-12-06,108.0
2022-12-07,126.0
2022-12-12,6.57
2022-12-13,10.9
2022-12-14,36.5
2022-12-15,
2022-12-16,
2022-12-17,
2022-12-18,
2022-12-19,
2022-12-20,
2022-12-21,
2022-12-22,
2022-12-23,
2022-12-24,
2022-12-25,
2022-12-26,
2022-12-27,
2022-12-28,
2022-12-29,
2022-12-30,
2022-12-31,
2023-01-01,
2023-01-02,
2023-01-03,
2023-01-04,
2023-01-05,
2023-01-06,
2023-01-07,
2023-01-08,
2023-01-09,
2023-01-10,
2023-01-11,
2023-01-12,
2023-01-16,
2023-01-17,
2023-01-18,
2023-01-19,
2023-01-20,
2023-01-21,
2023-01-22,
2023-01-23,
2023-01-24,
2023-01-25,
2023-01-26,
2023-01-27,
2023-01-28,
2023-01-29,
2023-01-30,
2023-01-31,
2023-02-01,
2023-02-02,
2023-02-14,
2023-02-15,
2023-02-16,
2023-03-19,
2023-03-20,
2023-03-21,
2023-03-22,
2023-03-23,
2023-03-24,
2023-03-25,
2023-03-26,
2023-03-27,
2023-03-28,
2023-03-29,
2023-03-30,
2023-03-31,
2023-04-01,
2023-04-02,
2023-04-03,
2023-04-04,
2023-04-05,
2023-04-06,
2023-04-07,
2023-04-08,
2023-04-09,
2023-04-10,
2023-04-11,
2023-04-12,
2023-04-13,
2023-04-14,
2023-04-15,
2023-04-16,
2023-04-17,
2023-04-18,
2023-04-19,
2023-04-20,
2023-04-21,
2023-04-22,
2023-04-23,
2023-04-24,
2023-04-26,
2023-04-27,
2023-04-28,
2023-04-29,
2023-04-30,
2023-05-01,
2023-05-02,
2023-05-03,21.5
2023-05-04,13.8
2023-05-05,25.3
2023-05-06,56.2
2023-05-07,14.6
2023-05-08,21.0
2023-05-09,51.6
2023-05-10,58.8
2023-05-11,27.8
2023-05-12,38.4
2023-05-13,37.6
2023-05-14,17.9
2023-05-15,24.9
2023-05-16,44.3
2023-05-17,17.8
2023-05-18,8.83
2023-05-19,9.67
2023-05-20,10.3
2023-05-21,10.0
2023-05-22,11.6
2023-05-23,18.0
2023-05-24,15.0
2023-05-25,28.8
2023-05-26,19.6
2023-05-27,10.6
2023-05-28,10.8
2023-05-29,
2023-05-30,
2023-05-31,
2023-06-01,11.8
2023-06-02,11.8
2023-06-03,12.3
2023-06-04,11.3
2023-06-05,17.0
2023-06-06,
2023-06-07,
2023-06-08,
2023-06-09,
2023-06-10,
2023-06-11,
2023-06-12,
2023-06-13,
2023-06-14,
2023-06-15,
2023-06-16,
2023-06-17,
2023-06-18,
2023-06-19,
2023-06-20,
2023-06-21,3.88
2023-06-22,7.75
2023-06-23,7.67
2023-06-24,5.83
2023-06-25,7.25
2023-06-26,9.54
2023-06-27,5.33
2023-06-28,7.92
2023-06-29,7.96
2023-06-30,9.5
2023-07-01,11.4
2023-07-02,8.79
2023-07-03,6.83
2023-07-04,13.1
2023-07-05,11.4
2023-07-06,13.4
2023-07-07,14.0
2023-07-08,14.7
2023-07-09,11.1
2023-07-10,27.7
2023-07-11,11.9
2023-07-12,16.2
2023-07-13,12.5
2023-07-14,15.0
2023-07-15,13.1
2023-07-16,8.21
2023-07-17,10.6
2023-07-18,9.33
2023-07-19,6.74
2023-07-20,7.58
2023-07-21,6.67
2023-07-22,5.83
2023-07-23,13.9
2023-07-24,7.13
2023-07-25,9.96
2023-07-26,23.2
2023-07-27,8.92
2023-07-28,10.8
2023-07-29,12.1
2023-07-30,6.54
2023-07-31,9.38
2023-08-01,14.9
2023-08-02,10.7
2023-08-03,12.7
2023-08-04,11.9
2023-08-05,10.2
2023-08-06,11.0
2023-08-07,9.63
2023-08-08,8.96
2023-08-09,11.7
2023-08-10,12.5
2023-08-11,10.9
2023-08-12,8.04
2023-08-13,6.75
2023-08-14,6.17
2023-08-15,7.42
2023-08-16,10.3
2023-08-17,8.54
2023-08-18,11.1
2023-08-19,11.2
2023-08-20,15.2
2023-08-21,8.25
2023-08-22,9.13
2023-08-23,10.0
2023-08-24,7.75
2023-08-25,6.92
2023-08-26,7.96
2023-08-27,8.17
2023-08-28,5.05
2023-08-29,
2023-08-30,
2023-08-31,8.0
2023-09-01,5.38
2023-09-02,6.91
2023-09-03,8.08
2023-09-04,11.4
2023-09-05,7.13
2023-09-06,4.91
2023-09-07,7.25
2023-09-08,9.33
2023-09-09,8.21
2023-09-10,8.92
2023-09-11,10.2
2023-09-12,6.65
2023-09-13,8.63
2023-09-14,12.8
2023-09-15,19.6
2023-09-16,19.5
2023-09-17,24.9
2023-09-18,40.5
2023-09-19,19.6
2023-09-20,15.5
2023-09-21,17.0
2023-09-22,19.5
2023-09-23,6.25
2023-09-24,10.0
2023-09-25,9.63
2023-09-26,17.2
2023-09-27,18.8
2023-09-28,18.0
2023-09-29,20.4
2023-09-30,22.3
2023-10-01,29.6
2023-10-02,16.6
2023-10-03,19.1
2023-10-04,37.4
2023-10-05,70.1
2023-10-06,49.7
2023-10-07,29.2
2023-10-08,8.38
2023-10-09,8.75
2023-10-10,11.5
2023-10-11,12.0
2023-10-12,14.9
2023-10-13,19.4
2023-10-14,6.83
2023-10-15,8.25
2023-10-16,12.3
2023-10-17,9.92
2023-10-18,25.5
2023-10-19,13.3
2023-10-20,36.1
2023-10-21,10.1
2023-10-22,10.4
2023-10-23,7.42
2023-10-24,7.5
2023-10-25,7.63
2023-10-26,9.58
2023-10-27,10.0
2023-10-28,17.5
2023-10-29,15.0
2023-10-30,9.54
2023-10-31,7.0
2023-11-01,6.39
2023-11-02,10.9
2023-11-03,12.4
2023-11-04,14.0
2023-11-05,19.0
2023-11-06,23.4
2023-11-07,33.1
2023-11-08,21.1
2023-11-09,8.75
2023-11-10,6.96
2023-11-11,7.04
2023-11-12,6.29
2023-11-13,11.0
2023-11-14,6.21
2023-11-15,7.0
2023-11-16,12.8
2023-11-17,17.7
2023-11-18,42.8
2023-11-24,9.36
2023-11-25,9.61
2023-11-26,15.5
2023-11-27,11.1
2023-11-28,11.1
2023-11-29,13.4
2023-11-30,10.1
2023-12-01,9.63
2023-12-02,7.57
2023-12-03,8.91
2023-12-04,11.3
2023-12-05,10.3
2023-12-06,13.8
2023-12-07,9.18
2023-12-08,5.0
2023-12-28,3.0
2023-12-29,3.0
2023-12-30,3.0
2023-12-31,3.0
2024-01-01,3.0
2024-01-02,3.0
2024-01-03,3.0
2024-01-04,12.7
2024-01-05,14.2
2024-01-06,13.4
2024-01-07,12.3
2024-01-08,10.7
2024-01-09,20.2
2024-01-10,15.4
2024-01-11,15.3
2024-01-12,16.0
2024-01-13,10.5
2024-01-14,11.4
2024-01-15,14.3
2024-01-16,78.8
2024-01-17,40.0
2024-01-18,19.0
2024-01-19,27.8
2024-01-20,83.6
2024-01-21,50.8
2024-01-22,21.8
2024-01-23,34.7
2024-01-24,34.6
2024-01-25,26.4
2024-01-26,16.8
2024-01-27,16.9
2024-01-28,43.5
2024-01-29,77.0
2024-01-30,63.4
2024-01-31,18.5
2024-02-01,12.5
2024-02-02,15.8
2024-02-03,13.1
2024-02-04,15.0
2024-02-05,19.3
2024-02-06,21.0
2024-02-07,19.8
2024-02-08,12.1
2024-02-09,17.3
2024-02-10,13.0
2024-02-11,20.1
2024-02-12,16.2
2024-02-13,20.2
2024-02-14,22.0
2024-02-15,23.3
2024-02-16,19.0
2024-02-20,19.8
2024-02-21,21.5
2024-02-22,41.3
2024-02-23,71.6
2024-02-24,72.0
2024-02-25,22.0
2024-02-26,22.6
2024-02-27,28.2
2024-02-28,28.0
2024-02-29,48.0
2024-03-01,32.6
2024-03-02,25.6
2024-03-03,17.6
2024-03-04,14.6
2024-03-05,19.0
2024-03-06,18.1
2024-03-07,24.0
2024-03-08,59.7
2024-03-09,37.7
2024-03-10,19.8
2024-03-11,19.1
2024-03-12,31.1
2024-03-13,21.1
2024-03-14,24.8
2024-03-15,23.5
2024-03-16,14.6
2024-03-17,21.1
2024-03-18,37.0
2024-03-19,16.2
2024-03-20,40.6
2024-03-21,50.3
2024-03-22,83.2
2024-03-23,33.1
2024-03-24,20.0
2024-03-25,18.8
2024-03-26,18.9
2024-03-27,16.1
2024-03-28,16.9
2024-03-29,16.3
2024-03-30,13.9
2024-03-31,13.0
2024-04-01,12.1
2024-04-02,21.3
2024-04-03,27.0
2024-04-04,51.0
2024-04-05,51.2
2024-04-06,81.4
2024-04-07,20.0
2024-04-08,21.3
2024-04-09,15.5
2024-04-10,15.9
2024-04-11,19.1
2024-04-12,21.0
2024-04-13,12.0
2024-04-14,13.9
2024-04-15,16.3
2024-04-16,12.4
2024-04-17,13.3
2024-04-18,15.4
2024-04-19,23.6
2024-04-20,14.5
2024-04-21,29.9
2024-04-22,21.8
2024-04-23,11.4
2024-04-24,11.7
2024-04-25,13.4
2024-04-26,14.6
2024-04-27,42.6
2024-04-28,27.4
2024-04-29,13.5
2024-04-30,11.6
2024-05-01,12.0
2024-05-02,12.3
2024-05-03,11.3
2024-05-04,14.0
2024-05-05,16.8
2024-05-06,13.0
2024-05-07,16.7
2024-05-08,21.5
2024-05-09,8.33
2024-05-10,7.04
2024-05-11,9.67
2024-05-12,17.5
2024-05-13,6.83
2024-05-14,8.48
2024-05-15,8.38
2024-05-16,11.2
2024-05-17,7.63
2024-05-18,11.6
2024-05-19,5.63
2024-05-20,6.04
2024-05-21,4.25
2024-05-22,6.63
2024-05-23,9.29
2024-05-24,7.91
2024-05-25,5.91
2024-05-26,5.96
2024-05-27,7.0
2024-05-28,5.87
2024-05-29,8.13
2024-05-30,12.0
2024-05-31,9.05
2024-06-01,14.1
2024-06-02,13.8
2024-06-03,17.5
2024-06-04,9.13
2024-06-05,9.5
2024-06-06,9.91
2024-06-07,8.52
2024-06-08,16.7
2024-06-09,15.8
2024-06-10,7.88
2024-06-11,8.63
2024-06-12,10.2
2024-06-13,13.2
2024-06-14,12.1
2024-06-15,15.1
2024-06-16,15.8
2024-06-17,14.5
2024-06-18,13.3
2024-06-19,12.8
2024-06-20,11.2
2024-06-21,14.0
2024-06-22,11.0
2024-06-23,19.2
2024-06-24,13.1
2024-06-25,9.88
2024-06-26,10.5
2024-06-27,11.7
2024-06-28,12.0
2024-06-29,8.29
2024-06-30,10.0
2024-07-01,9.25
2024-07-02,5.52
2024-07-03,7.73
2024-07-04,8.46
2024-07-05,8.1
2024-07-06,7.38
2024-07-07,10.0
2024-07-08,15.9
2024-07-09,13.8
2024-07-10,20.4
2024-07-11,12.1
2024-07-12,11.5
2024-07-13,12.3
2024-07-14,7.75
2024-07-15,8.25
2024-07-16,11.1
2024-07-17,12.0
2024-07-18,8.5
2024-07-19,9.3
2024-07-20,26.2
2024-07-21,11.0
2024-07-22,12.8
2024-07-23,14.6
2024-07-24,9.78
2024-07-25,7.21
2024-07-26,22.6
2024-07-27,10.7
2024-07-28,9.29
2024-07-29,18.4
2024-07-30,13.7
2024-07-31,17.3
2024-08-01,16.5
2024-08-02,12.4
2024-08-03,10.1
2024-08-04,9.5
2024-08-05,9.96
2024-08-06,10.3
2024-08-07,11.8
2024-08-08,8.61
2024-08-09,6.96
2024-08-10,11.6
2024-08-11,10.3
2024-08-12,13.1
2024-08-13,10.8
2024-08-14,7.74
2024-08-15,8.83
2024-08-16,8.79
2024-08-17,11.9
2024-08-18,8.29
2024-08-19,7.83
2024-08-20,9.25
2024-08-21,10.6
2024-08-22,8.77
2024-08-23,8.35
2024-08-24,7.79
2024-08-25,5.58
2024-08-26,8.13
2024-08-27,18.4
2024-08-28,23.5
2024-08-29,18.7
2024-08-30,15.5
2024-08-31,15.6
2024-09-01,
2024-09-02,
2024-09-03,
2024-09-04,
2024-09-05,
2024-09-06,
2024-09-07,
2024-09-08,
2024-09-09,
2024-09-10,
2024-09-11,
2024-09-12,
2024-09-13,
2024-09-14,
2024-09-15,
2024-09-16,
2024-09-17,
2024-09-18,
2024-09-19,
2024-09-20,
2024-09-21,
2024-09-22,
2024-09-23,
2024-09-24,
2024-09-25,18.1
2024-09-26,19.0
2024-09-27,16.2
2024-09-28,22.8
2024-09-29,33.2
2024-09-30,66.0
2024-10-01,36.4
2024-10-02,13.6
2024-10-03,
2024-10-04,
2024-10-05,
2024-10-06,
2024-10-07,
2024-10-08,34.0
2024-10-09,33.8
2024-10-10,23.0
2024-10-11,11.0
2024-10-12,9.17
2024-10-13,8.09
2024-10-14,10.4
2024-10-15,12.9
2024-10-16,30.0
2024-10-17,67.8
2024-10-18,71.5
2024-10-19,58.2
2024-10-20,38.3
2024-10-21,23.1
2024-10-22,14.8
2024-10-23,8.82
2024-10-24,5.61
2024-10-25,8.63
2024-10-26,11.3
2024-10-27,7.5
2024-10-28,8.83
2024-10-29,10.7
2024-10-30,8.79
2024-10-31,8.0
2024-11-01,5.95
2024-11-02,6.38
2024-11-03,8.7
2024-11-04,13.5
2024-11-05,11.3
2024-11-06,6.25
2024-11-07,5.83
2024-11-08,6.0
2024-11-09,6.33
2024-11-10,2.92
2024-11-11,8.79
2024-11-12,8.87
2024-11-13,6.88
2024-11-14,7.25
2024-11-15,7.42
2024-11-16,8.83
2024-11-17,15.0
2024-11-18,19.0
2024-11-19,58.4
2024-11-20,56.5
2024-11-21,14.0
2024-11-22,9.43
2024-11-23,37.7
2024-11-24,62.6
2024-11-25,29.8
2024-11-26,29.2
2024-11-27,37.3
2024-11-28,69.3
2024-11-29,64.1
2024-11-30,84.8
2024-12-01,44.2
2024-12-02,17.4
2024-12-03,22.0
2024-12-04,24.1
2024-12-05,17.9
2024-12-06,9.67
2024-12-07,26.0
2024-12-08,45.3
2024-12-09,32.0
2024-12-10,22.3
2024-12-11,8.13
2024-12-12,11.4
2024-12-13,7.83
2024-12-14,12.0
2024-12-15,
2024-12-16,
2024-12-17,4.73
2024-12-18,6.33
2024-12-19,11.4
2024-12-20,6.38
2024-12-21,8.13
2024-12-22,6.42
2024-12-23,11.4
2024-12-24,14.1
2024-12-25,44.2
2024-12-26,10.4
2024-12-27,7.08
2024-12-28,8.75
2024-12-29,4.35
2024-12-30,14.5
2024-12-31,16.5
