date,tavg,tmin,tmax,prcp,snow,wdir,wspd,wpgt,pres,tsun,pm25
2019-01-01,-18.0,-19.8,-15.5,,,,4.6,,1039.1,,31.0
2019-01-02,-18.1,-20.4,-14.3,,,,1.4,,1037.4,,47.7
2019-01-03,-20.3,-23.0,-16.3,,,,2.7,,1039.4,,173.0
2019-01-04,-20.7,-23.6,-17.1,,,,4.0,,1037.2,,192.0
2019-01-05,-16.9,-20.6,-12.4,,,,2.7,,1041.9,,85.5
2019-01-06,-15.1,-17.8,-11.6,,,,10.2,,1037.1,,27.5
2019-01-07,-11.0,-13.7,-8.4,,,,8.6,,1022.0,,28.1
2019-01-08,-9.5,-11.2,-6.9,,,,4.3,,1013.2,,48.0
2019-01-09,-11.6,-19.4,-7.0,,,,10.4,,1019.0,,31.0
2019-01-10,-18.8,-21.5,-15.5,,,,2.3,,1028.7,,104.0
2019-01-11,-18.9,-21.5,-13.9,,,,2.2,,1030.1,,154.0
2019-01-12,-17.6,-21.5,-14.1,,,,6.6,,1033.9,,54.8
2019-01-13,-11.3,-14.6,-8.1,,,,12.6,,1033.0,,25.9
2019-01-14,-5.9,-8.4,-3.2,,,,15.0,,1019.6,,20.7
2019-01-15,-5.9,-8.8,-3.6,,,,6.8,,1014.5,,53.8
2019-01-16,-9.6,-14.4,-6.9,,,,4.3,,1025.4,,115.0
2019-01-17,-10.1,-16.9,-6.0,,,,5.1,,1029.9,,117.0
2019-01-18,-6.3,-8.9,-3.6,,,,9.3,,1023.3,,27.0
2019-01-19,-5.2,-8.2,-1.5,,,,8.8,,1020.4,,27.4
2019-01-20,-1.3,-2.1,0.0,,,,6.1,,1019.0,,34.5
2019-01-21,-4.2,-11.3,-2.0,,,,9.2,,1019.5,,26.5
2019-01-22,-11.2,-16.3,-8.7,,,,6.3,,1030.8,,34.8
2019-01-23,-9.0,-12.1,-6.3,,,,9.2,,1027.1,,21.8
2019-01-24,-11.1,-21.4,-7.0,,,,12.4,,1027.7,,23.8
2019-01-25,-20.5,-26.2,-12.7,,,,7.0,,1039.6,,35.5
2019-01-26,-10.2,-20.3,-5.8,,,,14.9,,1026.0,,24.5
2019-01-27,-23.4,-27.1,-19.8,,,,5.7,,1039.1,,49.2
2019-01-28,-23.3,-29.0,-16.8,,,,2.7,,1048.6,,156.0
2019-01-29,-16.8,-21.2,-11.4,,,,6.9,,1039.4,,30.4
2019-01-30,-11.9,-15.9,-7.1,,,,6.1,,1023.1,,30.4
2019-01-31,-14.4,-24.8,-8.0,,,,13.8,,1021.9,,57.3
2019-02-01,-22.4,-28.4,-17.9,,,,5.2,,1040.7,,67.8
2019-02-02,-15.8,-18.7,-12.4,,,,8.3,,1033.8,,30.2
2019-02-03,-16.2,-19.9,-11.4,,,,3.8,,1031.8,,74.8
2019-02-04,-18.1,-20.3,-15.3,,,,8.7,,1031.0,,99.7
2019-02-05,-22.4,-28.5,-17.5,,,,20.6,,1024.5,,52.1
2019-02-06,-29.7,-32.3,-27.3,,,,9.7,,1042.0,,47.7
2019-02-07,-30.2,-34.5,-24.6,,,,2.4,,1047.8,,80.3
2019-02-08,-25.8,-32.1,-20.2,,,,5.4,,1043.2,,117.0
2019-02-09,-16.0,-21.6,-11.9,,,,10.4,,1027.9,,25.8
2019-02-10,-17.0,-20.3,-13.7,,,,5.1,,1027.8,,52.3
2019-02-11,-18.1,-21.3,-13.8,,,,3.8,,1030.6,,40.7
2019-02-12,-16.4,-20.4,-12.0,,,,3.8,,1037.2,,40.4
2019-02-13,-14.5,-17.9,-9.8,,,,1.8,,1040.4,,135.0
2019-02-14,-10.7,-17.1,-3.0,,,,2.6,,1035.3,,262.0
2019-02-15,-8.7,-10.8,-5.9,,,,7.9,,1025.6,,27.8
2019-02-16,-4.7,-9.5,0.6,,,,11.9,,1018.2,,22.8
2019-02-17,0.3,-0.6,1.3,,,,10.3,,1005.2,,23.1
2019-02-18,-3.6,-6.2,0.5,,,,13.9,,1001.6,,20.8
2019-02-19,-2.1,-5.4,0.7,,,,16.0,,1005.6,,17.2
2019-02-20,-4.0,-6.5,-2.2,,,,9.7,,1013.9,,19.6
2019-02-21,-9.3,-12.1,-6.9,,,,12.0,,1027.4,,19.3
2019-02-22,-10.3,-13.7,-7.1,,,,11.9,,1036.7,,19.0
2019-02-23,-9.4,-12.6,-5.6,,,,9.4,,1031.8,,22.2
2019-02-24,-10.3,-12.8,-7.4,,,,9.1,,1024.8,,20.6
2019-02-25,-11.7,-13.8,-9.7,,,,9.4,,1023.9,,24.1
2019-02-26,-6.7,-11.1,-3.2,,,,9.0,,1013.9,,24.3
2019-02-27,-7.7,-10.1,-5.3,,,,8.4,,1013.5,,18.8
2019-02-28,-9.9,-12.5,-7.3,,,,6.6,,1008.2,,90.5
2019-03-01,-8.7,-10.8,-6.2,,,,5.2,,1012.2,,31.8
2019-03-02,-4.6,-12.7,2.4,,,,6.8,,1008.4,,124.0
2019-03-03,0.4,-1.2,3.0,,,,21.7,,1005.4,,19.9
2019-03-04,-3.3,-10.3,-0.1,,,,14.8,,1012.6,,18.0
2019-03-05,-8.5,-12.8,-6.4,,,,16.5,,1022.2,,16.2
2019-03-06,-4.2,-6.7,-1.4,,,,11.2,,1025.7,,17.0
2019-03-07,-4.3,-7.8,-1.5,,,,12.0,,1026.7,,20.3
2019-03-08,-6.2,-9.9,-3.5,,,,5.6,,1029.7,,35.7
2019-03-09,-6.9,-10.7,-2.7,,,,3.5,,1036.2,,75.1
2019-03-10,-7.4,-11.7,-4.1,,,,6.7,,1031.0,,49.3
2019-03-11,-4.6,-9.0,-0.9,,,,8.8,,1027.8,,27.1
2019-03-12,-2.9,-7.7,1.7,,,,9.7,,1027.1,,26.5
2019-03-13,-1.3,-5.6,3.0,,,,11.4,,1025.9,,23.5
2019-03-14,0.2,-4.3,4.2,,,,11.4,,1022.3,,23.9
2019-03-15,0.2,-5.9,3.0,,,,15.0,,1015.1,,24.5
2019-03-16,-6.6,-9.4,-3.3,,,,10.5,,1025.1,,18.3
2019-03-17,-7.4,-12.9,-2.1,,,,4.3,,1029.0,,58.7
2019-03-18,-6.2,-9.7,-2.3,,,,10.8,,1032.2,,51.1
2019-03-19,-5.5,-10.4,-0.1,,,,8.6,,1032.5,,32.0
2019-03-20,-2.3,-7.8,3.0,,,,7.0,,1031.1,,22.6
2019-03-21,-0.1,-4.6,4.4,,,,7.7,,1026.3,,20.8
2019-03-22,0.4,-3.9,4.8,,,,7.9,,1022.2,,20.3
2019-03-23,2.9,-0.8,6.9,,,,5.7,,1020.0,,27.0
2019-03-24,2.3,0.8,4.2,,,,3.5,,1022.3,,
2019-03-25,2.3,-0.5,4.9,,,,4.5,,1025.7,,
2019-03-26,4.5,1.9,7.8,,,,8.5,,1020.2,,23.9
2019-03-27,2.4,-0.8,6.2,,,,10.1,,1025.1,,35.7
2019-03-28,3.2,0.0,5.4,,,,12.1,,1020.8,,58.8
2019-03-29,4.6,2.2,5.8,,,,10.6,,1013.0,,
2019-03-30,4.4,0.9,8.8,,,,8.8,,1021.0,,24.3
2019-03-31,3.0,0.1,4.6,,,,9.9,,1019.4,,19.9
2019-04-01,3.6,-1.6,8.0,,,,4.6,,1021.7,,112.0
2019-04-02,6.1,-0.8,12.6,,,,3.8,,1024.5,,52.5
2019-04-03,9.0,5.0,13.8,,,,8.3,,1018.0,,54.5
2019-04-04,8.2,5.5,11.0,,,,6.8,,1017.3,,19.5
2019-04-05,4.4,1.4,6.3,,,,8.3,,1019.7,,25.5
2019-04-06,2.8,-0.3,7.7,,,,6.2,,1030.0,,26.4
2019-04-07,5.3,-1.2,10.9,,,,4.4,,1033.0,,42.9
2019-04-08,7.4,1.8,12.8,,,,4.8,,1029.1,,50.1
2019-04-09,8.0,2.0,14.3,,,,6.4,,1018.7,,41.6
2019-04-10,7.9,0.2,14.1,,,,10.3,,1021.8,,58.5
2019-04-11,9.4,2.0,15.0,,,,9.7,,1024.3,,42.9
2019-04-12,11.5,5.7,17.4,,,,6.4,,1022.0,,26.9
2019-04-13,13.9,8.1,19.3,,,,6.4,,1017.5,,33.4
2019-04-14,13.4,7.8,19.6,,,,6.6,,1013.7,,29.9
2019-04-15,2.4,-3.0,8.8,,,,17.7,,1009.9,,33.4
2019-04-16,1.2,-3.7,5.9,,,,7.2,,1015.6,,25.2
2019-04-17,2.4,-7.3,7.4,,,,15.5,,1011.2,,19.8
2019-04-18,-3.5,-9.2,2.0,,,,10.1,,1027.6,,25.0
2019-04-19,-1.2,-3.0,-0.1,,,,13.7,,1019.9,,29.4
2019-04-20,-0.7,-3.5,3.3,,,,12.2,,1016.7,,31.8
2019-04-21,3.2,-3.2,8.4,,,,4.6,,1021.8,,34.4
2019-04-22,5.7,1.3,9.1,,,,3.4,,1022.5,,47.7
2019-04-23,6.8,1.3,12.0,,,,4.9,,1019.1,,55.1
2019-04-24,9.5,3.2,15.5,,,,6.9,,1014.6,,4.0
2019-04-25,7.6,4.2,10.4,,,,12.9,,1010.5,,5.88
2019-04-26,4.5,2.8,6.1,,,,5.4,,1014.5,,7.29
2019-04-27,5.4,1.8,9.9,,,,7.9,,1014.7,,7.18
2019-04-28,11.1,2.8,16.9,,,,15.4,,1017.0,,6.29
2019-04-29,15.9,10.9,21.0,,,,17.4,,1009.4,,5.75
2019-04-30,5.0,-2.5,12.3,,,,11.7,,1009.0,,6.88
2019-05-01,1.3,-4.9,6.2,,,,3.2,,1024.2,,8.58
2019-05-02,4.9,-1.4,9.4,,,,6.9,,1024.6,,9.55
2019-05-03,7.7,0.0,13.7,,,,3.4,,1029.6,,23.3
2019-05-04,11.2,3.2,17.5,,,,5.2,,1031.5,,29.3
2019-05-05,13.8,6.3,20.3,,,,5.3,,1031.4,,19.7
2019-05-06,17.1,7.8,24.0,,,,2.8,,1028.5,,52.4
2019-05-07,20.2,12.5,26.7,,,,2.5,,1024.3,,53.4
2019-05-08,21.2,12.4,28.2,,,,3.4,,1021.2,,33.2
2019-05-09,22.7,15.2,29.0,,,,3.5,,1018.9,,28.8
2019-05-10,22.7,15.8,28.2,,,,6.2,,1019.7,,19.7
2019-05-11,20.3,13.4,25.8,,,,5.9,,1021.2,,11.5
2019-05-12,20.1,12.6,26.2,,,,7.6,,1019.8,,20.4
2019-05-13,15.3,8.9,19.9,,,,10.6,,1020.7,,17.1
2019-05-14,13.3,4.5,20.9,,,,12.9,,1016.1,,11.8
2019-05-15,5.0,-1.9,9.8,,,,13.1,,1024.6,,9.0
2019-05-16,7.9,0.8,13.2,,,,5.7,,1026.1,,13.8
2019-05-17,12.9,4.7,19.1,,,,11.3,,1019.4,,9.67
2019-05-18,13.3,9.0,15.7,,,,16.3,,1006.3,,8.67
2019-05-19,11.9,5.7,17.3,,,,10.2,,1006.8,,6.92
2019-05-20,9.7,6.2,12.3,,,,6.2,,1007.3,,8.63
2019-05-21,8.4,2.7,13.1,,,,7.0,,1009.3,,5.5
2019-05-22,7.5,3.5,10.0,,,,9.2,,1012.5,,9.04
2019-05-23,9.0,3.0,13.3,,,,7.6,,1018.8,,9.23
2019-05-24,17.1,9.6,24.0,,,,13.5,,1013.6,,7.25
2019-05-25,15.0,3.9,21.7,,,,14.2,,1008.3,,7.58
2019-05-26,9.1,1.4,15.0,,,,5.0,,1024.1,,9.04
2019-05-27,14.7,5.1,21.5,,,,4.5,,1028.0,,23.0
2019-05-28,20.2,12.3,26.5,,,,9.0,,1022.2,,8.74
2019-05-29,21.1,15.3,26.8,,,,8.7,,1014.4,,23.5
2019-05-30,19.1,14.7,23.7,,,,9.5,,1014.2,,17.2
2019-05-31,19.7,11.6,26.4,,,,5.8,,1015.3,,12.2
2019-06-01,21.5,15.7,26.4,,,,8.1,,1009.6,,13.6
2019-06-02,20.4,13.7,25.9,,,,5.6,,1011.2,,10.2
2019-06-03,19.8,16.2,24.2,,,,9.2,,1011.6,,8.63
2019-06-04,21.2,13.6,27.5,,,,7.7,,1007.8,,5.38
2019-06-05,14.6,9.6,19.7,,,,11.7,,1003.6,,5.75
2019-06-06,10.3,8.5,12.8,,,,8.4,,1003.2,,5.42
2019-06-07,14.4,10.4,18.2,,,,13.8,,1000.7,,6.17
2019-06-08,14.3,11.3,17.0,,,,10.7,,1003.4,,7.29
2019-06-09,12.8,10.1,14.9,,,,9.2,,1010.2,,12.9
2019-06-10,15.7,10.5,20.3,,,,6.5,,1014.3,,7.88
2019-06-11,20.3,13.5,26.5,,,,7.2,,1013.4,,7.05
2019-06-12,20.8,16.6,24.1,,,,7.5,,1007.3,,6.86
2019-06-13,22.7,16.0,28.9,,,,12.6,,1003.1,,8.24
2019-06-14,12.8,10.4,15.3,,,,12.5,,1007.7,,6.42
2019-06-15,11.4,7.6,13.8,,,,8.3,,1007.1,,12.1
2019-06-16,13.0,8.4,17.3,,,,6.7,,1009.3,,3.5
2019-06-17,15.5,10.8,20.2,,,,9.6,,1006.5,,3.75
2019-06-18,13.9,9.3,17.5,,,,8.5,,1005.5,,3.25
2019-06-19,15.8,10.4,20.1,,,,6.4,,1010.0,,13.2
2019-06-20,18.4,11.7,23.1,,,,4.2,,1014.8,,8.88
2019-06-21,21.3,14.7,26.8,,,,4.5,,1011.3,,7.71
2019-06-22,19.1,13.0,23.7,,,,9.1,,1011.9,,15.2
2019-06-23,16.0,7.8,21.9,,,,8.3,,1017.5,,5.26
2019-06-24,20.1,15.7,25.9,,,,9.6,,1011.7,,7.92
2019-06-25,23.8,16.6,29.5,,,,4.6,,1012.4,,15.6
2019-06-26,25.8,20.0,30.7,,,,11.0,,1006.4,,9.63
2019-06-27,15.7,11.9,19.2,,,,14.4,,1008.8,,10.7
2019-06-28,14.2,8.6,18.7,,,,11.6,,1011.4,,4.08
2019-06-29,17.2,11.0,22.0,,,,13.0,,1014.2,,4.75
2019-06-30,19.1,11.8,24.2,,,,11.3,,1016.6,,8.38
2019-07-01,21.7,14.6,26.7,,,,10.0,,1012.5,,5.46
2019-07-02,22.4,19.1,26.3,,,,10.5,,1004.8,,5.83
2019-07-03,18.5,15.8,21.0,,,,13.8,,1004.5,,4.64
2019-07-04,18.7,15.4,22.7,,,,11.5,,1004.5,,4.5
2019-07-05,22.3,14.7,28.1,,,,4.4,,1008.2,,7.83
2019-07-06,24.8,19.5,30.4,,,,8.3,,1002.6,,7.53
2019-07-07,20.6,13.3,25.7,,,,5.6,,1007.6,,5.0
2019-07-08,23.7,16.8,29.5,,,,4.8,,1006.4,,9.46
2019-07-09,22.4,17.1,27.4,,,,6.9,,1005.8,,9.38
2019-07-10,21.6,13.4,27.5,,,,5.6,,1012.3,,8.54
2019-07-11,26.0,18.0,32.7,,,,7.6,,1011.5,,6.17
2019-07-12,26.6,20.8,32.1,,,,8.6,,1011.1,,6.29
2019-07-13,25.1,18.0,30.4,,,,10.1,,1011.0,,8.71
2019-07-14,25.9,17.5,32.2,,,,9.1,,1009.8,,16.9
2019-07-15,27.7,20.1,33.4,,,,6.8,,1008.2,,9.25
2019-07-16,29.1,21.5,35.9,,,,6.6,,1004.2,,8.71
2019-07-17,25.8,20.0,30.9,,,,12.2,,1006.7,,22.0
2019-07-18,23.6,15.3,29.9,,,,8.3,,1011.0,,6.0
2019-07-19,25.1,16.8,31.4,,,,7.2,,1010.8,,8.83
2019-07-20,25.7,18.6,31.4,,,,7.2,,1010.1,,15.9
2019-07-21,27.0,18.9,33.4,,,,4.7,,1006.4,,14.4
2019-07-22,24.0,19.4,27.4,,,,8.6,,1001.6,,10.5
2019-07-23,20.5,16.1,26.1,,,,8.0,,1005.7,,8.42
2019-07-24,19.0,14.3,23.0,,,,7.2,,1006.3,,7.5
2019-07-25,20.6,14.3,25.6,,,,6.5,,1009.8,,77.9
2019-07-26,19.0,14.2,23.1,,,,9.5,,1010.2,,17.5
2019-07-27,20.7,12.4,27.0,,,,3.7,,1009.0,,45.8
2019-07-28,24.5,17.5,30.9,,,,8.7,,1002.7,,47.0
2019-07-29,25.4,21.5,29.8,,,,13.1,,997.0,,21.5
2019-07-30,23.9,17.8,29.1,,,,7.3,,1002.7,,6.58
2019-07-31,27.3,19.9,34.3,,,,7.2,,1004.1,,9.92
2019-08-01,28.1,21.9,33.6,,,,10.7,,997.1,,9.52
2019-08-02,21.4,16.2,25.4,,,,13.7,,995.5,,7.33
2019-08-03,19.9,13.5,25.5,,,,8.9,,1002.9,,6.75
2019-08-04,21.3,14.4,26.8,,,,5.4,,1004.6,,15.3
2019-08-05,22.9,14.8,29.7,,,,9.6,,1008.4,,7.92
2019-08-06,27.9,18.3,36.6,,,,7.6,,1005.9,,11.3
2019-08-07,23.2,17.8,27.8,,,,8.9,,1007.7,,7.92
2019-08-08,19.9,12.5,25.8,,,,6.8,,1009.9,,9.08
2019-08-09,18.0,11.2,22.7,,,,6.9,,1012.1,,6.5
2019-08-10,20.5,12.0,27.6,,,,5.0,,1014.9,,9.17
2019-08-11,26.0,17.9,33.1,,,,5.1,,1010.8,,8.14
2019-08-12,27.2,20.6,32.8,,,,8.9,,1002.9,,11.1
2019-08-13,23.4,18.9,26.7,,,,9.3,,998.9,,6.33
2019-08-14,20.5,14.9,25.9,,,,6.4,,1005.3,,5.54
2019-08-15,18.3,14.8,21.8,,,,4.7,,1008.2,,7.54
2019-08-16,18.5,12.8,23.6,,,,4.9,,1011.2,,10.8
2019-08-17,19.3,13.9,23.9,,,,8.2,,1014.3,,14.3
2019-08-18,21.5,13.8,28.3,,,,6.0,,1017.6,,13.4
2019-08-19,21.9,15.9,27.7,,,,5.7,,1020.1,,10.6
2019-08-20,20.1,14.3,25.6,,,,7.1,,1020.8,,7.08
2019-08-21,17.1,13.7,20.3,,,,7.7,,1012.5,,8.08
2019-08-22,15.3,10.5,19.6,,,,11.8,,1013.2,,7.04
2019-08-23,17.6,11.3,23.8,,,,3.4,,1019.9,,11.6
2019-08-24,20.1,11.9,26.9,,,,5.2,,1019.9,,9.88
2019-08-25,22.1,15.6,28.4,,,,4.2,,1017.0,,8.75
2019-08-26,24.6,17.9,31.7,,,,8.3,,1009.0,,8.91
2019-08-27,16.5,11.3,19.5,,,,9.3,,1010.9,,6.68
2019-08-28,16.1,7.8,22.8,,,,4.7,,1014.3,,8.5
2019-08-29,19.8,14.7,26.2,,,,12.4,,1001.1,,8.21
2019-08-30,14.1,11.1,15.9,,,,20.5,,999.3,,15.2
2019-08-31,10.4,8.2,12.2,,,,16.5,,1003.8,,4.79
2019-09-01,10.2,6.8,14.1,,,,7.2,,1011.2,,5.0
2019-09-02,10.2,7.3,12.3,,,,10.9,,1009.6,,4.83
2019-09-03,11.0,5.6,16.2,,,,5.5,,1012.7,,5.92
2019-09-04,13.5,7.3,19.0,,,,6.7,,1011.6,,11.1
2019-09-05,12.7,10.3,15.7,,,,9.3,,1006.2,,7.7
2019-09-06,10.9,8.7,13.5,,,,5.1,,1004.7,,24.1
2019-09-07,11.0,8.1,14.2,,,,4.9,,1010.3,,20.5
2019-09-08,10.3,7.6,13.2,,,,3.7,,1012.4,,16.4
2019-09-09,11.2,7.8,14.9,,,,4.1,,1013.6,,23.8
2019-09-10,11.6,8.0,15.2,,,,5.8,,1019.6,,9.86
2019-09-11,12.1,7.9,16.6,,,,5.9,,1026.4,,13.3
2019-09-12,12.1,6.5,17.0,,,,3.2,,1028.3,,22.0
2019-09-13,13.7,9.6,18.4,,,,5.3,,1022.1,,8.88
2019-09-14,14.7,8.1,21.0,,,,2.6,,1020.8,,20.2
2019-09-15,16.5,9.3,23.2,,,,2.3,,1018.6,,22.9
2019-09-16,16.8,8.1,23.6,,,,4.1,,1014.8,,29.2
2019-09-17,16.7,12.0,21.3,,,,10.0,,1013.8,,11.0
2019-09-18,18.9,13.1,25.3,,,,9.7,,1013.8,,14.4
2019-09-19,20.9,14.3,28.3,,,,9.8,,1009.6,,8.83
2019-09-20,14.7,9.6,18.0,,,,9.7,,1014.7,,10.1
2019-09-21,14.2,6.5,20.7,,,,3.4,,1018.4,,13.1
2019-09-22,20.8,9.8,29.5,,,,17.5,,1001.5,,13.3
2019-09-23,11.3,5.4,15.8,,,,19.3,,1012.6,,4.08
2019-09-24,9.6,3.9,12.5,,,,14.6,,1015.3,,5.83
2019-09-25,6.7,1.6,12.0,,,,5.9,,1020.9,,7.92
2019-09-26,6.8,0.9,12.2,,,,2.4,,1021.5,,28.1
2019-09-27,6.3,2.8,7.3,,,,4.1,,1012.9,,16.5
2019-09-28,5.3,-0.6,10.2,,,,7.6,,1013.4,,7.65
2019-09-29,4.0,-0.3,5.8,,,,11.8,,1013.0,,7.65
2019-09-30,1.9,-2.7,5.5,,,,3.0,,1026.1,,14.0
2019-10-01,4.9,-0.1,10.3,,,,1.5,,1030.8,,13.5
2019-10-02,7.3,2.2,13.1,,,,3.6,,1031.6,,72.3
2019-10-03,8.2,1.4,15.5,,,,1.2,,1029.0,,58.0
2019-10-04,9.8,3.1,17.2,,,,2.3,,1027.7,,77.0
2019-10-05,11.7,3.4,19.9,,,,1.2,,1027.4,,88.6
2019-10-06,13.5,5.3,22.3,,,,2.4,,1023.4,,
2019-10-07,15.1,8.0,23.3,,,,5.6,,1019.9,,46.8
2019-10-08,15.7,7.1,24.2,,,,4.9,,1020.3,,21.5
2019-10-09,17.5,11.6,24.9,,,,3.0,,1021.3,,8.67
2019-10-10,15.8,10.2,21.8,,,,6.2,,1014.7,,10.2
2019-10-11,12.2,9.0,14.9,,,,8.1,,1014.5,,
2019-10-12,9.4,6.5,13.6,,,,5.0,,1026.2,,34.5
2019-10-13,10.3,4.8,15.4,,,,6.7,,1024.3,,14.1
2019-10-14,9.6,8.2,12.8,,,,11.8,,1014.0,,8.46
2019-10-15,8.7,6.6,11.2,,,,13.1,,1014.9,,4.17
2019-10-16,8.3,3.2,10.3,,,,16.9,,1008.3,,5.46
2019-10-17,2.6,0.9,4.0,,,,10.5,,1020.3,,4.25
2019-10-18,3.6,0.3,6.8,,,,11.3,,1024.1,,3.5
2019-10-19,4.9,-0.1,8.0,,,,10.5,,1019.6,,10.7
2019-10-20,-3.8,-6.5,-1.1,,,,15.8,,1031.8,,14.0
2019-10-21,-3.9,-7.8,1.1,,,,3.2,,1038.3,,18.8
2019-10-22,-0.7,-5.2,4.9,,,,8.8,,1032.2,,9.88
2019-10-23,1.4,-1.8,4.3,,,,11.7,,1024.4,,4.79
2019-10-24,5.4,2.4,8.2,,,,11.9,,1019.0,,4.96
2019-10-25,6.4,4.3,8.4,,,,7.2,,1022.2,,12.0
2019-10-26,7.4,4.5,11.0,,,,7.6,,1022.2,,10.0
2019-10-27,9.5,5.7,13.8,,,,14.3,,1016.2,,11.3
2019-10-28,9.2,7.9,11.2,,,,19.5,,1008.7,,7.88
2019-10-29,10.7,8.4,14.8,,,,13.5,,1013.6,,10.5
2019-10-30,10.2,6.9,15.1,,,,6.4,,1015.0,,15.0
2019-10-31,9.6,6.6,13.0,,,,9.6,,1008.1,,12.4
2019-11-01,3.1,-1.8,8.7,,,,14.1,,1013.0,,5.77
2019-11-02,-2.3,-4.7,-0.5,,,,6.2,,1028.3,,10.5
2019-11-03,-1.1,-5.3,1.9,,,,6.3,,1030.5,,30.0
2019-11-04,-0.6,-2.2,1.3,,,,9.8,,1018.9,,30.9
2019-11-05,-1.4,-2.6,0.5,,,,2.8,,1027.3,,13.5
2019-11-06,-1.5,-3.2,-0.4,,,,9.1,,1027.2,,6.13
2019-11-07,0.9,-1.5,4.0,,,,11.4,,1024.8,,2.55
2019-11-08,1.4,0.0,2.6,,,,15.8,,1022.9,,3.57
2019-11-09,0.4,-2.8,1.9,,,,7.1,,1024.7,,6.0
2019-11-10,-8.8,-13.7,-3.4,,,,12.4,,1034.7,,33.6
2019-11-11,-8.8,-13.7,-4.9,,,,5.5,,1041.3,,28.5
2019-11-12,-2.6,-5.6,1.5,,,,10.4,,1031.8,,5.65
2019-11-13,-2.2,-4.7,1.2,,,,7.9,,1024.4,,2.0
2022-10-20,7.9,5.9,10.0,6.1,,,11.2,,1013.8,,7.63
2022-10-21,10.2,6.8,13.9,0.1,,,11.5,,1016.6,,12.0
2022-10-22,8.9,5.6,11.2,8.1,,,13.9,,1005.4,,50.0
2022-10-23,0.3,-2.3,4.8,1.7,,,13.1,,1022.7,,8.2
2022-10-24,0.1,-3.1,4.5,0.0,,,5.6,,1031.4,,7.0
2022-10-25,1.7,-3.2,7.7,0.0,,,6.8,,1021.7,,6.41
2022-10-26,3.0,1.2,5.2,2.2,,,7.9,,1011.3,,4.92
2022-10-27,-0.7,-4.2,2.3,1.3,,,11.6,,1021.0,,6.79
2022-10-28,-3.2,-5.0,-0.6,0.0,,,3.6,,1036.5,,7.17
2022-10-29,-2.0,-6.0,2.3,0.0,,,3.8,,1031.5,,18.6
2022-10-30,0.9,-1.4,4.4,1.9,,,3.1,,1018.5,,11.0
2022-10-31,2.0,0.6,4.2,0.0,,,5.5,,1020.5,,9.04
2022-11-01,4.0,1.7,7.3,0.0,,,9.9,,1020.9,,7.46
2022-11-02,3.3,-0.4,6.9,4.0,,,11.1,,1011.8,,5.63
2022-11-03,1.6,-1.0,3.5,0.7,,,14.5,,1019.2,,5.79
2022-11-04,3.8,0.4,6.1,5.7,,,13.0,,1011.8,,4.29
2022-11-05,-1.5,-3.7,0.4,0.0,,,14.1,,1018.6,,6.67
2022-11-06,-2.1,-3.5,0.2,0.0,,,8.5,,1021.8,,8.33
2022-11-07,-2.6,-4.9,-0.3,0.5,,,4.1,,1021.7,,9.25
2022-11-08,-3.1,-4.2,-2.1,1.7,,,3.9,,1022.9,,17.3
2022-11-09,-1.9,-3.5,-1.1,0.1,,,7.8,,1029.0,,6.79
2022-11-10,-1.5,-2.3,-0.7,0.1,,,9.3,,1031.2,,6.88
2022-11-11,-1.2,-1.8,-0.4,0.1,,,10.7,,1029.7,,5.25
2022-11-12,0.4,-1.3,1.2,9.4,,,17.1,,1020.5,,2.92
2022-11-13,0.7,-1.8,1.7,0.8,,,23.3,,1010.3,,4.42
2022-11-14,1.5,-0.8,2.7,7.6,,,24.6,,994.8,,6.38
2022-11-15,0.4,-3.0,2.8,1.9,,,17.8,,996.2,,3.63
2022-11-16,-6.1,-9.2,-3.3,0.9,,,13.1,,1009.9,,6.54
2022-11-17,-9.0,-10.8,-6.4,0.0,,,6.9,,1028.6,,8.38
2022-11-18,-8.2,-9.9,-5.6,0.0,,,2.8,,1030.6,,13.7
2022-11-19,-7.5,-11.4,-4.3,0.9,,,3.9,,1023.2,,21.9
2022-11-20,-9.8,-13.2,-6.4,0.0,,,7.2,,1026.3,,27.0
2022-11-21,-8.1,-14.1,-4.1,0.0,,,2.2,,1024.0,,46.2
2022-11-22,-7.6,-9.1,-6.5,0.0,,,5.0,,1021.9,,16.8
2022-11-23,-10.0,-12.3,-8.0,0.0,,,3.4,,1031.2,,17.3
2022-11-24,-7.2,-12.2,-0.4,3.5,,,5.8,,1024.9,,14.0
2022-11-25,-7.1,-18.1,1.1,8.3,,,13.2,,1015.1,,21.5
2022-11-26,-24.4,-27.4,-19.3,0.0,,,7.2,,1048.6,,24.8
2022-11-27,-23.9,-27.2,-19.5,0.0,,,4.6,,1055.9,,36.5
2022-11-28,-19.6,-24.8,-14.9,0.0,,,6.7,,1053.6,,29.7
2022-11-29,-17.5,-20.4,-14.1,0.0,,,7.2,,1048.3,,31.8
2022-11-30,-16.8,-21.2,-12.7,0.0,,,8.6,,1037.0,,46.4
2022-12-01,-17.1,-20.1,-14.1,0.0,,,13.0,,1035.0,,16.0
2022-12-02,-19.9,-22.4,-16.7,0.0,,,12.7,,1042.9,,13.5
2022-12-03,-18.9,-20.3,-16.6,0.0,,,12.9,,1042.9,,13.0
2022-12-04,-20.9,-23.3,-17.2,0.2,,,7.6,,1038.8,,26.6
2022-12-05,-22.8,-25.4,-19.2,0.0,,,2.8,,1042.6,,25.4
2022-12-06,-22.8,-25.8,-18.0,0.0,,,2.3,,1044.2,,108.0
2022-12-07,-22.3,-24.6,-17.2,0.0,,,3.0,,1042.5,,126.0
2022-12-12,-16.7,-21.0,-13.0,0.0,,,7.4,,1041.9,,6.57
2022-12-13,-11.4,-13.3,-8.9,0.0,,,7.9,,1037.1,,10.9
2022-12-14,-16.4,-20.3,-12.1,0.0,,,6.3,,1044.6,,36.5
2022-12-15,-16.2,-20.1,-11.2,0.0,,,4.9,,1044.7,,
2022-12-16,-13.5,-16.1,-9.0,0.0,,,3.4,,1038.6,,
2022-12-17,-16.3,-19.1,-12.6,0.0,,,3.1,,1034.8,,
2022-12-18,-12.5,-18.1,-9.6,0.0,,,4.0,,1041.1,,
2022-12-19,-7.8,-10.7,-5.6,0.0,,,11.1,,1034.3,,
2022-12-20,-8.4,-9.8,-7.0,0.0,,,12.8,,1023.5,,
2022-12-21,-11.3,-16.3,-9.6,6.6,,,7.8,,1014.7,,
2022-12-22,-20.3,-24.9,-16.9,0.0,,,6.8,,1034.3,,
2022-12-23,-16.8,-25.0,-9.0,1.8,,,11.5,,1040.2,,
2022-12-24,-8.0,-9.1,-7.1,2.4,,,10.8,,1035.4,,
2022-12-25,-11.6,-15.6,-8.6,0.0,,,4.7,,1036.3,,
2022-12-26,-12.4,-15.9,-6.3,0.0,,,2.3,,1035.9,,
2022-12-27,-8.9,-12.1,-6.7,0.0,,,3.7,,1030.7,,
2022-12-28,-13.0,-14.3,-10.8,0.4,,,2.8,,1028.1,,
2022-12-29,-10.2,-11.4,-9.4,0.0,,,5.5,,1030.6,,
2022-12-30,-9.2,-12.1,-7.2,1.0,,,5.0,,1032.2,,
2022-12-31,-5.2,-8.8,-2.7,2.7,,,9.8,,1026.9,,
2023-01-01,-13.8,-15.9,-9.4,0.0,,,5.6,,1032.5,,
2023-01-02,-5.9,-12.4,-4.3,0.1,,,9.8,,1025.1,,
2023-01-03,-2.1,-5.4,0.6,4.0,,,19.8,,1000.5,,
2023-01-04,-6.1,-8.1,-1.8,4.7,,,17.4,,1008.2,,
2023-01-05,-0.3,-1.4,0.4,1.9,,,10.4,,1009.1,,
2023-01-06,-2.5,-4.6,-0.1,2.9,,,7.0,,1013.4,,
2023-01-07,-3.8,-4.6,-3.1,0.0,,,17.4,,1015.3,,
2023-01-08,-4.7,-20.5,2.4,2.5,,,21.8,,1004.5,,
2023-01-09,-26.8,-29.0,-21.6,0.0,,,9.0,,1029.1,,
2023-01-10,-31.8,-33.8,-29.0,0.0,,,4.5,,1038.6,,
2023-01-11,-29.0,-32.9,-24.4,0.0,,,6.6,,1045.3,,
2023-01-12,-24.0,-28.5,-19.5,0.0,,,11.4,,1048.8,,
2023-01-16,-15.3,-18.1,-10.7,0.0,,,6.1,,1043.0,,
2023-01-17,-16.1,-18.7,-10.8,0.0,,,2.7,,1045.5,,
2023-01-18,-15.8,-19.1,-9.5,0.0,,,2.5,,1047.6,,
2023-01-19,-16.3,-19.2,-10.4,0.0,,,2.8,,1044.6,,
2023-01-20,-14.5,-17.1,-9.7,0.0,,,3.8,,1044.4,,
2023-01-21,-16.1,-19.7,-10.8,0.0,,,3.1,,1049.2,,
2023-01-22,-15.7,-18.5,-11.0,0.0,,,6.5,,1049.0,,
2023-01-23,-14.5,-16.1,-12.7,0.0,,,7.2,,1039.1,,
2023-01-24,-11.7,-13.9,-8.7,0.0,,,4.3,,1037.4,,
2023-01-25,-15.3,-16.7,-13.4,0.0,,,9.3,,1038.0,,
2023-01-26,-15.8,-18.0,-13.4,0.0,,,12.3,,1037.2,,
2023-01-27,-14.0,-17.5,-11.3,0.0,,,14.4,,1034.2,,
2023-01-28,-12.7,-14.2,-10.1,0.0,,,13.0,,1030.1,,
2023-01-29,-14.9,-17.2,-13.2,0.0,,,7.0,,1027.8,,
2023-01-30,-18.8,-23.7,-14.0,0.0,,,4.4,,1030.3,,
2023-01-31,-15.6,-18.9,-10.5,0.0,,,2.5,,1029.2,,
2023-02-01,-16.3,-19.3,-10.3,0.0,,,1.4,,1030.6,,
2023-02-02,-14.4,-17.6,-8.8,0.0,,,5.5,,1028.8,,
2023-02-14,-16.1,-20.5,-11.4,0.0,,,3.4,,1032.7,,
2023-02-15,-14.6,-18.7,-10.1,0.0,,,4.5,,1027.7,,
2023-02-16,-18.8,-22.2,-14.9,0.0,,,5.5,,1035.6,,
2023-03-19,-5.6,-12.8,-2.5,0.8,,,12.9,,1031.5,,
2023-03-20,-10.0,-16.0,-4.5,0.0,,,5.4,,1038.0,,
2023-03-21,-7.8,-12.9,-1.9,0.0,,,4.2,,1029.7,,
2023-03-22,-3.5,-9.8,3.2,0.0,,,3.4,,1025.0,,
2023-03-23,-1.3,-5.5,3.6,0.0,,,5.3,,1021.5,,
2023-03-24,-1.0,-5.4,3.6,0.0,,,4.1,,1025.6,,
2023-03-25,1.7,-2.8,6.2,0.0,,,6.2,,1022.7,,
2023-03-26,3.6,0.4,7.0,0.0,,,6.2,,1017.7,,
2023-03-27,3.1,-2.0,8.8,0.0,,,4.3,,1021.9,,
2023-03-28,6.0,-0.4,12.2,0.0,,,5.0,,1020.4,,
2023-03-29,7.5,3.1,13.5,0.0,,,6.9,,1014.6,,
2023-03-30,-0.9,-3.9,2.5,0.0,,,15.1,,1028.2,,
2023-03-31,-1.4,-6.6,3.5,0.0,,,9.0,,1037.9,,
2023-04-01,1.5,-3.6,6.1,0.0,,,7.6,,1038.0,,
2023-04-02,3.2,-3.6,9.1,0.0,,,7.0,,1033.9,,
2023-04-03,7.1,-0.1,14.2,0.0,,,6.7,,1031.4,,
2023-04-04,8.8,1.6,15.9,0.0,,,5.6,,1027.6,,
2023-04-05,10.2,2.7,17.6,0.0,,,4.4,,1023.6,,
2023-04-06,10.9,4.7,17.5,0.0,,,5.0,,1014.2,,
2023-04-07,2.3,-4.7,6.3,0.0,,,13.1,,1013.9,,
2023-04-08,-2.7,-7.3,1.8,0.0,,,9.3,,1028.9,,
2023-04-09,1.0,-8.0,8.1,0.0,,,2.3,,1028.7,,
2023-04-10,5.1,-1.8,11.6,0.0,,,5.4,,1017.6,,
2023-04-11,2.7,-1.8,7.2,0.0,,,6.5,,1018.6,,
2023-04-12,4.3,-4.0,10.7,0.0,,,6.2,,1025.8,,
2023-04-13,10.1,2.2,17.3,0.0,,,5.1,,1019.1,,
2023-04-14,6.4,-2.6,10.6,11.3,,,13.2,,1009.6,,
2023-04-15,-6.2,-10.5,-2.8,12.9,,,18.6,,1012.7,,
2023-04-16,-6.4,-12.7,-1.8,6.9,,,9.6,,1017.7,,
2023-04-17,-4.1,-9.3,0.5,6.5,,,14.4,,1015.8,,
2023-04-18,-4.1,-11.9,1.8,1.6,,,9.2,,1032.0,,
2023-04-19,-0.7,-5.0,3.2,0.3,,,5.8,,1034.7,,
2023-04-20,-2.3,-7.3,3.2,0.0,,,3.8,,1033.6,,
2023-04-21,1.2,-5.6,7.4,0.0,,,3.1,,1026.5,,
2023-04-22,7.0,-0.8,13.0,0.0,,,6.1,,1023.4,,
2023-04-23,11.9,8.5,16.2,0.2,,,10.3,,1015.0,,
2023-04-24,9.8,5.2,14.4,0.4,,,9.2,,1016.6,,
2023-04-26,15.9,7.5,23.4,0.0,,,6.4,,1026.3,,
2023-04-27,17.4,9.1,24.3,0.0,,,4.5,,1022.7,,
2023-04-28,19.4,11.7,26.4,0.0,,,5.9,,1015.1,,
2023-04-29,15.1,8.0,21.3,0.0,,,9.6,,1012.4,,
2023-04-30,8.8,2.0,14.4,0.0,,,10.7,,1020.7,,
2023-05-01,7.5,4.2,11.0,0.2,,,6.5,,1021.8,,
2023-05-02,5.7,-0.1,10.4,0.0,,,8.1,,1027.9,,
2023-05-03,7.5,-0.2,13.4,0.0,,,4.3,,1033.3,,21.5
2023-05-04,9.6,1.9,15.4,0.0,,,3.2,,1034.4,,13.8
2023-05-05,13.6,5.3,20.3,0.0,,,2.5,,1032.0,,25.3
2023-05-06,17.6,7.6,25.1,0.0,,,2.6,,1025.5,,56.2
2023-05-07,20.1,12.1,26.9,0.0,,,2.8,,1021.2,,14.6
2023-05-08,20.7,12.1,28.1,0.0,,,5.7,,1017.8,,21.0
2023-05-09,15.3,10.1,19.7,0.0,,,12.0,,1019.3,,51.6
2023-05-10,14.2,6.2,20.2,0.0,,,10.8,,1020.3,,58.8
2023-05-11,19.3,14.5,24.5,0.0,,,9.3,,1011.5,,27.8
2023-05-12,15.5,9.4,20.3,0.0,,,11.6,,1015.8,,38.4
2023-05-13,14.8,10.5,20.3,0.3,,,9.4,,1008.4,,37.6
2023-05-14,8.8,5.1,11.1,0.6,,,8.6,,1010.9,,17.9
2023-05-15,11.3,0.1,19.4,0.0,,,4.2,,1019.4,,24.9
2023-05-16,15.4,5.9,22.1,0.0,,,3.2,,1017.5,,44.3
2023-05-17,16.9,10.9,22.4,0.0,,,10.9,,1018.0,,17.8
2023-05-18,10.7,8.8,13.2,10.3,,,12.2,,1022.1,,8.83
2023-05-19,13.4,8.1,18.1,0.0,,,9.7,,1021.2,,9.67
2023-05-20,16.1,8.5,21.8,0.0,,,12.2,,1017.5,,10.3
2023-05-21,17.4,9.3,23.5,0.0,,,10.3,,1019.1,,10.0
2023-05-22,18.3,10.5,24.1,0.0,,,7.0,,1022.5,,11.6
2023-05-23,18.8,11.7,24.5,0.5,,,8.5,,1023.9,,18.0
2023-05-24,18.5,10.3,24.6,0.0,,,7.9,,1023.3,,15.0
2023-05-25,19.6,10.5,26.2,0.0,,,6.4,,1021.0,,28.8
2023-05-26,16.5,12.7,19.7,1.8,,,9.1,,1019.4,,19.6
2023-05-27,16.3,8.8,21.8,0.0,,,7.5,,1020.6,,10.6
2023-05-28,16.8,9.6,21.6,1.0,,,3.2,,1022.9,,10.8
2023-05-29,20.6,13.5,26.8,0.2,,,6.1,,1020.9,,
2023-05-30,23.6,15.6,29.7,0.6,,,3.8,,1018.9,,
2023-05-31,24.6,16.4,31.2,0.0,,,5.3,,1017.9,,
2023-06-01,25.0,16.6,31.4,0.0,,,4.7,,1017.0,,11.8
2023-06-02,26.0,18.8,32.0,0.0,,,5.5,,1018.4,,11.8
2023-06-03,26.7,18.9,32.8,0.0,,,5.4,,1018.0,,12.3
2023-06-04,27.9,19.6,34.4,0.0,,,5.4,,1014.3,,11.3
2023-06-05,29.4,20.3,36.3,0.0,,,4.3,,1009.0,,17.0
2023-06-06,29.9,21.9,36.6,0.0,,,3.9,,1006.6,,
2023-06-07,29.9,22.1,35.9,0.0,,,5.5,,1004.1,,
2023-06-08,26.2,20.0,30.7,1.1,,,7.6,,1004.5,,
2023-06-09,20.2,17.0,22.8,10.0,,,7.0,,1011.6,,
2023-06-10,20.2,13.9,25.1,0.0,,,5.5,,1015.2,,
2023-06-11,21.8,13.7,27.9,0.0,,,3.6,,1017.8,,
2023-06-12,23.3,15.4,29.4,0.0,,,5.5,,1016.9,,
2023-06-13,18.5,11.8,23.4,0.0,,,12.8,,1017.3,,
2023-06-14,15.7,7.9,21.6,0.0,,,9.9,,1019.9,,
2023-06-15,19.5,10.9,25.6,0.0,,,3.8,,1013.6,,
2023-06-16,22.4,14.2,28.5,0.0,,,3.8,,1008.0,,
2023-06-17,23.8,16.4,29.6,0.0,,,4.9,,1004.8,,
2023-06-18,24.9,17.9,30.1,0.3,,,5.5,,1001.6,,
2023-06-19,23.5,13.7,29.8,3.2,,,16.7,,990.1,,
2023-06-20,13.6,9.1,17.6,0.0,,,14.7,,1001.3,,
2023-06-21,14.3,8.8,18.5,0.1,,,11.4,,1004.4,,3.88
2023-06-22,15.3,9.6,20.4,0.0,,,8.9,,1008.0,,7.75
2023-06-23,14.9,9.9,20.1,7.6,,,9.3,,1008.4,,7.67
2023-06-24,13.8,8.9,16.9,0.0,,,5.1,,1012.5,,5.83
2023-06-25,16.4,9.1,21.5,0.0,,,3.8,,1011.9,,7.25
2023-06-26,18.1,15.0,20.6,2.8,,,9.9,,1002.6,,9.54
2023-06-27,15.0,13.4,16.4,3.0,,,16.8,,993.6,,5.33
2023-06-28,16.1,11.7,20.6,1.6,,,14.0,,1003.7,,7.92
2023-06-29,19.2,11.2,25.0,0.0,,,7.3,,1011.6,,7.96
2023-06-30,19.9,15.4,24.0,0.2,,,6.4,,1010.3,,9.5
2023-07-01,21.1,13.5,27.0,0.0,,,3.8,,1012.8,,11.4
2023-07-02,25.7,16.8,32.8,0.0,,,6.3,,1008.8,,8.79
2023-07-03,26.6,22.3,30.9,0.0,,,7.6,,1004.3,,6.83
2023-07-04,24.4,19.4,28.1,0.7,,,4.0,,1004.4,,13.1
2023-07-05,24.6,18.1,29.3,0.0,,,8.8,,1007.2,,11.4
2023-07-06,24.3,17.4,29.1,0.2,,,9.7,,1010.4,,13.4
2023-07-07,24.9,17.5,30.6,0.0,,,6.4,,1010.0,,14.0
2023-07-08,24.1,17.4,28.9,0.2,,,7.1,,1011.4,,14.7
2023-07-09,24.4,16.6,30.1,0.0,,,4.6,,1013.0,,11.1
2023-07-10,26.5,17.7,33.1,0.0,,,3.7,,1012.5,,27.7
2023-07-11,29.6,20.9,36.4,0.0,,,4.4,,1013.2,,11.9
2023-07-12,32.1,24.6,38.6,0.0,,,6.5,,1011.8,,16.2
2023-07-13,31.2,26.0,36.4,0.0,,,6.3,,1005.7,,12.5
2023-07-14,26.0,20.9,30.4,0.0,,,9.7,,1000.3,,15.0
2023-07-15,19.7,16.3,23.4,0.1,,,14.2,,1002.3,,13.1
2023-07-16,22.0,14.3,28.2,0.0,,,8.5,,1006.2,,8.21
2023-07-17,26.2,19.1,32.3,0.6,,,5.1,,1009.5,,10.6
2023-07-18,27.9,23.0,33.8,2.4,,,9.3,,1005.0,,9.33
2023-07-19,24.7,19.9,29.8,0.0,,,6.7,,1002.6,,6.74
2023-07-20,23.4,18.1,28.4,0.0,,,8.9,,1004.3,,7.58
2023-07-21,22.7,18.3,26.9,4.8,,,7.8,,1007.7,,6.67
2023-07-22,22.2,13.9,28.5,0.0,,,6.2,,1012.6,,5.83
2023-07-23,23.7,17.6,29.2,0.0,,,5.4,,1009.5,,13.9
2023-07-24,22.8,16.0,28.4,0.0,,,6.1,,1007.8,,7.13
2023-07-25,23.5,16.0,29.5,0.0,,,4.1,,1009.2,,9.96
2023-07-26,22.9,18.9,26.5,0.0,,,5.7,,1007.6,,23.2
2023-07-27,21.9,16.4,27.4,2.0,,,9.5,,1006.6,,8.92
2023-07-28,23.6,16.1,29.5,0.0,,,4.2,,1007.8,,10.8
2023-07-29,26.1,19.7,31.7,0.1,,,7.1,,1004.3,,12.1
2023-07-30,24.3,18.2,29.8,0.0,,,7.2,,1006.0,,6.54
2023-07-31,24.8,17.1,30.7,0.0,,,5.4,,1006.5,,9.38
2023-08-01,26.6,19.1,32.7,0.0,,,3.9,,1004.9,,14.9
2023-08-02,26.2,20.7,31.3,0.1,,,4.3,,1002.2,,10.7
2023-08-03,25.7,18.7,31.6,0.0,,,4.8,,1003.2,,12.7
2023-08-04,23.9,18.9,28.8,1.2,,,5.8,,1006.5,,11.9
2023-08-05,24.4,17.4,30.0,0.0,,,5.1,,1008.2,,10.2
2023-08-06,23.2,18.0,27.5,3.5,,,5.7,,1005.7,,11.0
2023-08-07,22.4,16.8,26.8,0.0,,,8.8,,1003.1,,9.63
2023-08-08,23.0,15.1,29.3,0.0,,,8.3,,1003.9,,8.96
2023-08-09,24.8,18.1,30.8,0.0,,,5.6,,1006.5,,11.7
2023-08-10,22.1,16.8,26.3,1.0,,,7.8,,1005.7,,12.5
2023-08-11,16.0,12.9,19.2,0.2,,,10.7,,1011.3,,10.9
2023-08-12,13.1,10.3,15.1,2.7,,,7.9,,1014.4,,8.04
2023-08-13,12.5,7.6,16.6,0.0,,,7.7,,1016.9,,6.75
2023-08-14,15.4,9.7,21.0,0.0,,,6.4,,1017.0,,6.17
2023-08-15,16.7,12.4,21.1,0.4,,,6.1,,1014.2,,7.42
2023-08-16,17.2,10.2,23.4,0.0,,,4.2,,1017.5,,10.3
2023-08-17,20.1,12.5,27.0,0.0,,,3.5,,1018.4,,8.54
2023-08-18,22.1,15.4,28.7,0.0,,,3.4,,1016.7,,11.1
2023-08-19,23.3,15.6,30.3,0.0,,,3.6,,1014.3,,11.2
2023-08-20,22.4,16.2,28.4,0.1,,,4.6,,1012.4,,15.2
2023-08-21,22.3,15.1,28.8,0.0,,,4.5,,1011.9,,8.25
2023-08-22,24.6,18.1,31.4,0.0,,,6.5,,1007.1,,9.13
2023-08-23,25.3,18.6,32.0,0.0,,,7.1,,1004.8,,10.0
2023-08-24,19.8,15.1,22.3,3.9,,,7.7,,1001.5,,7.75
2023-08-25,16.6,11.4,21.2,0.0,,,6.3,,1006.8,,6.92
2023-08-26,18.2,14.0,23.5,0.0,,,6.6,,1006.1,,7.96
2023-08-27,17.2,13.1,21.8,0.5,,,6.0,,1000.2,,8.17
2023-08-28,15.0,12.7,17.5,3.5,,,8.6,,1002.5,,5.05
2023-08-29,16.7,12.1,20.5,0.0,,,12.0,,1004.8,,
2023-08-30,16.1,11.7,18.8,1.3,,,10.9,,999.7,,
2023-08-31,13.2,10.2,16.5,0.0,,,11.5,,1005.1,,8.0
2023-09-01,13.1,10.9,15.7,0.9,,,11.0,,1007.1,,5.38
2023-09-02,13.7,9.3,17.9,6.9,,,6.5,,1008.1,,6.91
2023-09-03,13.1,10.1,15.7,8.7,,,7.2,,1002.5,,8.08
2023-09-04,12.4,9.1,15.9,3.7,,,6.9,,1006.6,,11.4
2023-09-05,10.7,8.2,13.1,3.1,,,5.1,,1017.6,,7.13
2023-09-06,9.9,6.1,13.2,0.0,,,5.3,,1017.3,,4.91
2023-09-07,13.2,7.4,18.5,0.0,,,2.5,,1014.5,,7.25
2023-09-08,14.6,10.8,18.0,3.0,,,2.4,,1012.6,,9.33
2023-09-09,16.9,12.6,21.8,0.9,,,5.5,,1009.1,,8.21
2023-09-10,14.1,10.8,17.5,0.0,,,5.5,,1010.4,,8.92
2023-09-11,14.0,10.3,18.0,7.5,,,7.9,,1004.6,,10.2
2023-09-12,11.5,9.7,13.7,4.3,,,8.6,,1001.7,,6.65
2023-09-13,10.6,7.6,13.8,6.7,,,8.4,,1012.3,,8.63
2023-09-14,11.6,7.4,15.7,0.5,,,3.1,,1018.9,,12.8
2023-09-15,12.7,7.5,17.7,0.0,,,2.8,,1021.4,,19.6
2023-09-16,13.3,8.2,18.3,0.0,,,2.4,,1022.6,,19.5
2023-09-17,13.8,9.2,18.7,0.0,,,1.3,,1022.1,,24.9
2023-09-18,14.0,8.5,19.1,0.1,,,1.4,,1020.4,,40.5
2023-09-19,14.6,8.4,19.7,0.0,,,1.9,,1017.3,,19.6
2023-09-20,13.7,11.1,16.7,5.8,,,3.1,,1016.1,,15.5
2023-09-21,13.4,9.1,18.4,0.0,,,3.2,,1021.8,,17.0
2023-09-22,13.6,7.9,18.7,0.0,,,5.9,,1022.4,,19.5
2023-09-23,12.1,6.6,14.6,0.9,,,6.6,,1024.3,,6.25
2023-09-24,10.4,5.3,15.5,0.0,,,4.1,,1029.8,,10.0
2023-09-25,14.6,10.4,19.8,0.1,,,4.5,,1025.2,,9.63
2023-09-26,16.2,11.1,22.0,0.0,,,3.0,,1021.7,,17.2
2023-09-27,13.3,10.2,15.0,3.4,,,3.3,,1019.7,,18.8
2023-09-28,11.4,7.9,14.9,0.0,,,2.3,,1018.6,,18.0
2023-09-29,10.9,6.1,15.6,0.0,,,2.2,,1017.1,,20.4
2023-09-30,10.2,8.2,12.7,0.3,,,1.4,,1017.6,,22.3
2023-10-01,10.8,6.2,15.3,0.0,,,5.7,,1020.3,,29.6
2023-10-02,10.3,7.0,14.5,0.1,,,8.5,,1020.7,,16.6
2023-10-03,8.3,3.5,13.5,0.0,,,5.0,,1023.3,,19.1
2023-10-04,9.5,3.3,15.5,0.0,,,1.5,,1025.1,,37.4
2023-10-05,11.5,6.6,17.2,0.0,,,1.0,,1023.2,,70.1
2023-10-06,12.6,6.2,18.8,0.0,,,2.0,,1018.4,,49.7
2023-10-07,11.3,6.9,15.6,0.0,,,4.1,,1014.9,,29.2
2023-10-08,11.5,7.6,16.0,0.2,,,9.9,,1014.6,,8.38
2023-10-09,13.4,8.9,18.0,0.0,,,12.1,,1015.8,,8.75
2023-10-10,16.5,12.1,21.8,0.0,,,11.7,,1010.2,,11.5
2023-10-11,9.3,4.9,13.8,0.0,,,6.9,,1018.4,,12.0
2023-10-12,5.5,1.9,8.5,0.0,,,2.5,,1022.8,,14.9
2023-10-13,4.8,0.1,10.3,0.0,,,4.3,,1025.8,,19.4
2023-10-14,6.4,2.0,11.4,0.9,,,8.9,,1021.2,,6.83
2023-10-15,7.2,5.5,9.5,2.8,,,6.9,,1019.9,,8.25
2023-10-16,8.9,5.3,13.1,0.0,,,5.9,,1023.9,,12.3
2023-10-17,11.4,6.5,16.7,0.0,,,2.5,,1024.2,,9.92
2023-10-18,11.9,8.5,17.1,0.0,,,3.7,,1017.8,,25.5
2023-10-19,6.8,3.4,10.3,0.0,,,3.1,,1024.6,,13.3
2023-10-20,8.3,2.9,14.8,0.6,,,4.4,,1019.2,,36.1
2023-10-21,4.5,0.9,7.2,2.5,,,7.0,,1018.7,,10.1
2023-10-22,4.4,1.2,6.5,6.4,,,9.8,,1004.0,,10.4
2023-10-23,-0.1,-1.7,2.3,0.4,,,11.0,,1017.6,,7.42
2023-10-24,3.3,-1.2,6.4,0.0,,,14.1,,1019.4,,7.5
2023-10-25,7.6,3.9,10.7,0.3,,,15.7,,1007.5,,7.63
2023-10-26,2.4,-3.8,10.2,1.0,,,11.5,,1007.4,,9.58
2023-10-27,-3.0,-4.6,-0.3,0.0,,,4.4,,1027.1,,10.0
2023-10-28,-0.1,-3.8,3.6,1.5,,,5.0,,1023.8,,17.5
2023-10-29,3.1,1.4,6.5,6.2,,,4.6,,1010.7,,15.0
2023-10-30,7.7,4.9,9.3,2.0,,,9.6,,1007.1,,9.54
2023-10-31,1.9,0.4,4.7,1.2,,,7.8,,1015.0,,7.0
2023-11-01,1.3,0.2,2.0,5.5,,,9.3,,1021.0,,6.39
2023-11-02,4.2,0.4,7.8,0.8,,,8.9,,1024.5,,10.9
2023-11-03,5.4,1.7,9.1,0.9,,,5.1,,1027.0,,12.4
2023-11-04,6.4,4.2,9.5,0.0,,,6.2,,1021.6,,14.0
2023-11-05,1.7,-2.1,3.8,0.0,,,5.5,,1030.2,,19.0
2023-11-06,0.1,-3.7,5.2,0.0,,,2.5,,1033.5,,23.4
2023-11-07,3.1,-1.0,8.6,0.0,,,2.3,,1026.9,,33.1
2023-11-08,5.9,1.7,10.9,0.0,,,4.8,,1017.3,,21.1
2023-11-09,5.0,4.0,6.3,0.8,,,8.4,,1013.1,,8.75
2023-11-10,2.9,1.5,4.4,3.0,,,7.6,,1023.5,,6.96
2023-11-11,4.7,1.6,7.5,0.3,,,6.6,,1022.6,,7.04
2023-11-12,4.0,2.5,6.6,2.9,,,5.4,,1018.0,,6.29
2023-11-13,3.0,1.5,4.1,1.0,,,4.8,,1031.3,,11.0
2023-11-14,2.7,0.6,5.2,0.0,,,7.8,,1035.0,,6.21
2023-11-15,4.4,1.8,7.3,0.0,,,12.0,,1021.6,,7.0
2023-11-16,4.7,3.2,6.0,0.0,,,9.0,,1012.4,,12.8
2023-11-17,5.3,3.9,6.6,4.0,,,3.5,,1013.7,,17.7
2023-11-18,6.7,0.2,9.6,2.6,,,15.4,,997.2,,42.8
2023-11-24,-0.3,-4.7,3.3,5.6,,,15.3,,1005.9,,9.36
2023-11-25,-4.5,-7.3,-1.9,0.0,,,10.5,,1022.1,,9.61
2023-11-26,-0.5,-3.5,2.3,0.0,,,5.5,,1029.0,,15.5
2023-11-27,2.9,0.8,5.9,0.0,,,6.8,,1024.1,,11.1
2023-11-28,3.3,1.6,6.1,0.0,,,7.0,,1020.0,,11.1
2023-11-29,3.3,0.4,6.8,0.0,,,4.3,,1016.8,,13.4
2023-11-30,0.0,-2.7,5.7,0.0,,,9.3,,1022.4,,10.1
2023-12-01,-3.0,-3.9,-2.1,4.2,,,12.4,,1022.4,,9.63
2023-12-02,-0.1,-3.5,2.6,0.8,,,11.3,,1019.2,,7.57
2023-12-03,-1.2,-8.8,4.0,8.4,,,17.1,,1007.0,,8.91
2023-12-04,-8.9,-11.8,-3.3,0.5,,,7.3,,1027.2,,11.3
2023-12-05,1.8,-2.4,3.7,5.6,,,13.4,,1015.0,,10.3
2023-12-06,-5.4,-13.7,3.9,0.6,,,10.9,,1012.6,,13.8
2023-12-07,-18.1,-20.7,-14.3,0.0,,,5.7,,1034.4,,9.18
2023-12-08,-25.0,-28.0,-21.5,0.0,,,7.2,,1041.8,,5.0
2023-12-28,0.1,-1.6,3.4,1.9,,,15.0,,1012.7,,3.0
2023-12-29,-1.6,-7.7,3.7,4.4,,,22.9,,1000.0,,3.0
2023-12-30,-5.3,-7.6,-2.1,3.8,,,18.9,,1013.1,,3.0
2023-12-31,-2.4,-3.5,-1.3,2.2,,,8.9,,1015.4,,3.0
2024-01-01,-0.3,-1.1,0.2,2.1,,,15.3,,1014.8,,3.0
2024-01-02,-4.6,-12.0,-0.8,4.7,,,11.3,,1010.3,,3.0
2024-01-03,-10.4,-14.4,-7.7,0.1,,,6.8,,1026.8,,3.0
2024-01-04,-6.3,-8.5,-3.1,0.0,,,8.9,,1018.9,,12.7
2024-01-05,-3.0,-5.5,-2.2,1.3,,,9.5,,1011.4,,14.2
2024-01-06,-4.7,-7.1,-1.9,1.0,,,5.9,,1019.5,,13.4
2024-01-07,-1.8,-3.1,0.5,7.1,,,8.2,,1016.3,,12.3
2024-01-08,-6.8,-17.6,0.3,3.4,,,15.1,,1007.6,,10.7
2024-01-09,-20.2,-24.8,-15.2,0.0,,,7.7,,1021.9,,20.2
2024-01-10,-8.4,-18.9,-0.3,8.6,,,16.0,,996.3,,15.4
2024-01-11,-20.7,-26.2,-16.4,0.2,,,7.9,,1013.8,,15.3
2024-01-12,-18.9,-25.9,-9.2,0.0,,,11.5,,1024.0,,16.0
2024-01-13,-7.3,-10.6,-2.1,0.3,,,11.4,,1008.2,,10.5
2024-01-14,-15.7,-25.1,-1.7,3.1,,,15.4,,1011.1,,11.4
2024-01-15,-25.0,-27.1,-21.6,0.0,,,7.8,,1036.6,,14.3
2024-01-16,-23.7,-27.6,-18.7,0.0,,,1.6,,1042.3,,78.8
2024-01-17,-18.2,-23.6,-12.8,0.0,,,2.6,,1042.7,,40.0
2024-01-18,-15.5,-18.9,-12.6,0.0,,,5.0,,1037.3,,19.0
2024-01-19,-14.7,-19.4,-12.6,0.0,,,3.8,,1031.4,,27.8
2024-01-20,-20.1,-21.9,-16.4,0.0,,,2.6,,1042.8,,83.6
2024-01-21,-17.2,-21.4,-11.4,0.0,,,2.5,,1045.1,,50.8
2024-01-22,-14.4,-17.7,-9.6,0.0,,,4.4,,1038.9,,21.8
2024-01-23,-13.0,-15.0,-9.8,0.0,,,4.2,,1033.2,,34.7
2024-01-24,-9.8,-13.8,-6.4,0.0,,,4.2,,1028.9,,34.6
2024-01-25,-2.1,-6.1,0.3,0.4,,,4.7,,1019.5,,26.4
2024-01-26,-9.1,-14.5,-0.5,2.0,,,11.7,,1020.0,,16.8
2024-01-27,-13.5,-15.7,-12.1,1.8,,,9.0,,1028.2,,16.9
2024-01-28,-14.1,-15.7,-11.3,0.0,,,2.6,,1031.0,,43.5
2024-01-29,-16.3,-19.5,-12.5,0.0,,,1.8,,1031.9,,77.0
2024-01-30,-17.4,-21.1,-13.4,0.0,,,2.2,,1027.9,,63.4
2024-01-31,-9.8,-14.1,-6.7,0.3,,,5.9,,1019.2,,18.5
2024-02-01,-10.7,-15.0,-7.7,0.0,,,7.9,,1018.0,,12.5
2024-02-02,-12.3,-14.7,-9.2,0.8,,,6.8,,1021.8,,15.8
2024-02-03,-8.3,-12.8,-6.1,2.1,,,14.8,,1015.6,,13.1
2024-02-04,-5.3,-6.8,-3.9,1.0,,,14.8,,1015.2,,15.0
2024-02-05,-3.6,-6.5,-1.6,0.8,,,16.0,,1018.6,,19.3
2024-02-06,-3.2,-4.6,-2.2,1.6,,,13.8,,1015.7,,21.0
2024-02-07,-2.4,-5.2,1.1,2.4,,,15.4,,1003.8,,19.8
2024-02-08,-4.2,-5.7,-0.4,5.0,,,22.3,,1008.1,,12.1
2024-02-09,2.2,0.2,3.5,4.5,,,22.1,,1004.5,,17.3
2024-02-10,-7.8,-14.6,2.1,2.4,,,10.4,,1011.3,,13.0
2024-02-11,-17.5,-19.8,-14.9,0.0,,,4.8,,1022.6,,20.1
2024-02-12,-18.7,-21.9,-15.6,0.0,,,5.4,,1036.3,,16.2
2024-02-13,-13.5,-18.2,-8.1,0.0,,,10.0,,1032.9,,20.2
2024-02-14,-8.5,-21.6,-2.3,4.7,,,13.4,,1017.7,,22.0
2024-02-15,-27.4,-32.4,-22.5,0.0,,,8.1,,1029.1,,23.3
2024-02-16,-29.4,-33.3,-24.4,0.0,,,5.4,,1042.6,,19.0
2024-02-20,-22.8,-27.0,-17.5,0.0,,,3.8,,1047.0,,19.8
2024-02-21,-21.8,-25.9,-16.8,0.0,,,3.8,,1042.8,,21.5
2024-02-22,-21.0,-25.3,-15.6,0.0,,,3.1,,1038.3,,41.3
2024-02-23,-21.9,-25.6,-17.7,0.0,,,5.2,,1036.8,,71.6
2024-02-24,-23.3,-28.8,-17.7,0.0,,,2.9,,1043.1,,72.0
2024-02-25,-17.2,-22.4,-12.0,0.0,,,5.8,,1042.2,,22.0
2024-02-26,-10.9,-14.4,-7.6,0.0,,,4.8,,1037.9,,22.6
2024-02-27,-7.8,-9.9,-5.1,0.0,,,5.2,,1038.6,,28.2
2024-02-28,-8.0,-10.9,-3.2,0.0,,,3.1,,1038.2,,28.0
2024-02-29,-9.5,-13.4,-4.3,0.0,,,3.3,,1036.9,,48.0
2024-03-01,-9.4,-11.8,-5.8,0.0,,,4.5,,1030.1,,32.6
2024-03-02,-8.1,-10.3,-5.8,0.1,,,9.4,,1028.5,,25.6
2024-03-03,-9.3,-10.9,-7.2,0.0,,,5.4,,1032.2,,17.6
2024-03-04,-10.1,-12.5,-7.6,0.0,,,8.1,,1028.6,,14.6
2024-03-05,-8.8,-11.8,-6.1,0.0,,,10.3,,1026.6,,19.0
2024-03-06,-7.9,-10.4,-5.2,0.0,,,7.3,,1021.7,,18.1
2024-03-07,-9.1,-11.4,-7.1,0.0,,,4.0,,1020.0,,24.0
2024-03-08,-9.4,-14.9,-5.1,0.0,,,3.1,,1022.4,,59.7
2024-03-09,-3.5,-8.9,1.1,2.5,,,4.6,,1012.7,,37.7
2024-03-10,-2.6,-4.6,-0.8,1.1,,,10.2,,1014.1,,19.8
2024-03-11,-6.7,-9.7,-5.3,0.0,,,7.0,,1023.2,,19.1
2024-03-12,-9.6,-11.8,-7.4,0.0,,,2.4,,1021.2,,31.1
2024-03-13,-8.1,-10.5,-5.7,1.1,,,5.8,,1020.9,,21.1
2024-03-14,-12.1,-15.5,-9.2,0.0,,,7.3,,1031.6,,24.8
2024-03-15,-9.2,-11.3,-7.2,0.1,,,8.6,,1034.4,,23.5
2024-03-16,-7.4,-9.7,-3.8,0.0,,,9.4,,1034.5,,14.6
2024-03-17,-6.9,-10.9,-1.8,0.0,,,3.8,,1034.8,,21.1
2024-03-18,-4.0,-10.4,2.5,0.0,,,4.4,,1025.7,,37.0
2024-03-19,-1.5,-3.7,0.1,,,,6.7,,1018.2,,16.2
2024-03-20,-2.8,-6.5,-0.1,,,,4.8,,1022.3,,40.6
2024-03-21,-5.0,-9.8,0.2,,,,3.6,,1023.4,,50.3
2024-03-22,-4.9,-10.0,0.5,,,,2.0,,1024.1,,83.2
2024-03-23,-3.3,-8.1,2.2,,,,3.3,,1021.5,,33.1
2024-03-24,-2.1,-6.5,1.6,,,,4.8,,1020.3,,20.0
2024-03-25,1.3,-0.3,3.6,,,,5.5,,1022.0,,18.8
2024-03-26,4.1,-0.9,8.7,,,,4.4,,1020.9,,18.9
2024-03-27,4.3,3.5,5.1,,,,6.8,,1013.6,,16.1
2024-03-28,4.1,2.4,6.5,,,,6.6,,1008.8,,16.9
2024-03-29,2.5,0.4,4.3,,,,12.6,,1007.0,,16.3
2024-03-30,-2.1,-4.0,0.3,,,,8.6,,1013.7,,13.9
2024-03-31,-1.2,-5.7,3.5,,,,8.0,,1029.2,,13.0
2024-04-01,1.7,-2.2,5.3,,,,6.7,,1028.6,,12.1
2024-04-02,2.2,0.5,4.2,,,,4.7,,1023.8,,21.3
2024-04-03,1.7,-2.3,6.3,,,,2.6,,1026.8,,27.0
2024-04-04,5.9,-0.5,12.2,,,,2.6,,1027.4,,51.0
2024-04-05,9.1,2.8,15.4,,,,2.4,,1021.8,,51.2
2024-04-06,8.8,2.2,15.4,,,,3.4,,1017.5,,81.4
2024-04-07,5.3,1.4,9.5,,,,7.1,,1024.2,,20.0
2024-04-08,7.8,5.5,11.6,,,,6.2,,1014.2,,21.3
2024-04-09,4.6,3.2,5.8,,,,7.9,,1013.0,,15.5
2024-04-10,4.9,2.8,7.6,,,,5.8,,1015.4,,15.9
2024-04-11,1.3,-0.9,2.8,,,,7.1,,1021.1,,19.1
2024-04-12,3.3,-2.8,8.2,,,,7.6,,1021.3,,21.0
2024-04-13,9.3,4.5,13.9,,,,12.6,,1010.1,,12.0
2024-04-14,11.6,8.6,15.4,,,,11.0,,1006.6,,13.9
2024-04-15,7.5,5.0,10.1,,,,5.4,,1015.8,,16.3
2024-04-16,10.2,3.8,16.0,,,,5.1,,1018.8,,12.4
2024-04-17,12.1,9.0,14.9,,,,9.9,,1016.9,,13.3
2024-04-18,14.7,7.7,21.4,,,,7.2,,1019.4,,15.4
2024-04-19,17.6,11.1,23.5,,,,4.1,,1019.4,,23.6
2024-04-20,18.3,13.3,23.6,,,,3.1,,1023.6,,14.5
2024-04-21,17.7,10.9,24.1,,,,2.4,,1026.3,,29.9
2024-04-22,16.6,11.4,22.3,,,,6.2,,1023.8,,21.8
2024-04-23,13.9,8.7,19.3,,,,5.7,,1022.0,,11.4
2024-04-24,7.8,3.6,11.1,,,,9.9,,1020.2,,11.7
2024-04-25,4.8,-0.8,9.5,,,,10.0,,1024.9,,13.4
2024-04-26,7.9,3.0,12.2,,,,6.6,,1029.4,,14.6
2024-04-27,9.0,1.6,14.7,,,,3.7,,1030.7,,42.6
2024-04-28,11.4,3.5,17.1,,,,6.5,,1026.0,,27.4
2024-04-29,14.8,10.8,19.7,,,,9.1,,1017.9,,13.5
2024-04-30,6.2,2.1,11.1,,,,11.4,,1016.3,,11.6
2024-05-01,5.6,-0.6,10.4,,,,12.7,,1012.4,,12.0
2024-05-02,7.8,5.8,8.5,,,,9.6,,1007.0,,12.3
2024-05-03,8.2,2.7,12.9,,,,4.5,,1006.8,,11.3
2024-05-04,13.2,9.1,18.1,,,,5.1,,999.5,,14.0
2024-05-05,8.2,4.2,10.7,,,,5.2,,1006.5,,16.8
2024-05-06,8.3,1.1,13.3,,,,3.7,,1021.8,,13.0
2024-05-07,13.2,9.3,17.7,,,,5.9,,1017.9,,16.7
2024-05-08,15.4,6.3,22.1,,,,4.3,,1020.5,,21.5
2024-05-09,19.9,15.8,25.6,,,,10.3,,1007.9,,8.33
2024-05-10,13.4,10.2,16.9,,,,6.6,,1014.3,,7.04
2024-05-11,11.5,5.6,15.9,,,,3.8,,1022.1,,9.67
2024-05-12,15.3,6.8,21.6,,,,5.7,,1022.5,,17.5
2024-05-13,20.0,13.1,25.3,,,,11.6,,1012.5,,6.83
2024-05-14,17.4,10.8,21.1,,,,9.3,,1007.2,,8.48
2024-05-15,9.4,6.7,12.7,,,,12.4,,1017.3,,8.38
2024-05-16,11.5,4.1,17.3,,,,7.0,,1022.4,,11.2
2024-05-17,16.3,8.0,22.7,,,,2.8,,1016.0,,7.63
2024-05-18,18.8,14.3,23.3,,,,3.5,,1006.5,,11.6
2024-05-19,16.8,14.3,19.7,,,,9.0,,1003.5,,5.63
2024-05-20,12.5,9.7,13.8,,,,9.7,,1009.5,,6.04
2024-05-21,10.9,8.5,13.1,,,,7.3,,1015.5,,4.25
2024-05-22,14.4,8.6,19.7,,,,5.8,,1016.8,,6.63
2024-05-23,16.0,10.7,21.1,,,,6.4,,1015.2,,9.29
2024-05-24,9.1,6.0,12.3,,,,11.8,,1015.5,,7.91
2024-05-25,4.1,1.8,6.3,,,,16.1,,1014.2,,5.91
2024-05-26,8.0,3.2,13.7,,,,11.1,,1008.7,,5.96
2024-05-27,9.3,4.5,11.8,,,,7.5,,1013.4,,7.0
2024-05-28,7.6,0.8,13.0,,,,8.7,,1020.8,,5.87
2024-05-29,14.6,8.6,20.0,,,,9.2,,1015.0,,8.13
2024-05-30,13.3,7.7,17.6,,,,6.9,,1014.6,,12.0
2024-05-31,9.5,4.1,14.6,,,,5.2,,1024.0,,9.05
2024-06-01,13.3,6.2,18.4,,,,3.3,,1019.3,,14.1
2024-06-02,13.6,10.5,16.9,,,,7.4,,1015.6,,13.8
2024-06-03,16.3,8.5,21.7,,,,5.2,,1019.5,,17.5
2024-06-04,18.3,12.8,22.6,,,,5.0,,1017.2,,9.13
2024-06-05,21.8,14.6,27.6,,,,5.8,,1013.8,,9.5
2024-06-06,20.3,17.4,23.4,,,,7.1,,1007.7,,9.91
2024-06-07,20.0,17.1,22.7,,,,7.0,,1004.0,,8.52
2024-06-08,21.6,16.7,25.9,,,,4.9,,1003.8,,16.7
2024-06-09,25.4,19.7,30.9,,,,6.1,,1003.4,,15.8
2024-06-10,22.2,18.2,24.9,,,,7.5,,1004.4,,7.88
2024-06-11,18.9,14.7,23.0,,,,9.6,,1011.7,,8.63
2024-06-12,16.4,13.1,18.4,,,,8.1,,1015.8,,10.2
2024-06-13,20.0,14.6,24.5,,,,8.3,,1015.0,,13.2
2024-06-14,21.7,15.8,25.8,,,,4.6,,1012.7,,12.1
2024-06-15,23.4,16.9,28.0,,,,3.4,,1012.4,,15.1
2024-06-16,23.8,18.2,28.3,,,,2.7,,1012.6,,15.8
2024-06-17,23.6,18.5,28.0,,,,3.6,,1011.4,,14.5
2024-06-18,20.3,16.3,22.9,,,,7.9,,1015.0,,13.3
2024-06-19,18.9,11.9,23.2,,,,2.8,,1017.9,,12.8
2024-06-20,23.0,15.6,29.1,,,,6.7,,1007.9,,11.2
2024-06-21,22.9,19.1,26.9,,,,6.9,,1000.2,,14.0
2024-06-22,23.2,16.5,28.4,,,,4.8,,1002.2,,11.0
2024-06-23,26.0,19.4,31.3,,,,5.5,,1002.0,,19.2
2024-06-24,24.6,19.9,28.8,,,,8.3,,1001.2,,13.1
2024-06-25,22.7,17.6,26.3,,,,8.1,,1003.6,,9.88
2024-06-26,24.9,17.0,31.4,,,,5.9,,1004.4,,10.5
2024-06-27,24.8,18.3,29.7,,,,3.7,,1006.9,,11.7
2024-06-28,27.1,21.1,33.2,,,,8.1,,1001.2,,12.0
2024-06-29,22.9,17.9,26.3,,,,7.8,,1001.1,,8.29
2024-06-30,21.7,18.2,25.4,,,,8.2,,998.7,,10.0
2024-07-01,18.1,14.6,22.2,,,,4.8,,997.6,,9.25
2024-07-02,17.8,13.1,22.4,,,,5.7,,997.9,,5.52
2024-07-03,18.1,15.5,21.0,,,,6.0,,1002.8,,7.73
2024-07-04,18.3,13.6,23.1,,,,7.1,,1007.8,,8.46
2024-07-05,19.8,14.8,23.2,,,,5.0,,1006.6,,8.1
2024-07-06,18.5,16.3,20.8,,,,7.1,,1002.4,,7.38
2024-07-07,18.8,16.2,21.8,,,,9.3,,1002.7,,10.0
2024-07-08,19.6,17.1,22.4,,,,8.5,,1005.8,,15.9
2024-07-09,19.6,14.4,23.5,,,,5.2,,1012.6,,13.8
2024-07-10,21.1,14.6,25.6,,,,2.1,,1016.0,,20.4
2024-07-11,22.9,15.6,27.7,,,,2.5,,1012.9,,12.1
2024-07-12,25.3,19.4,30.3,,,,5.1,,1004.1,,11.5
2024-07-13,25.6,20.7,29.9,,,,5.3,,1000.7,,12.3
2024-07-14,24.7,19.8,28.3,,,,4.8,,1002.0,,7.75
2024-07-15,24.6,20.3,29.3,,,,4.6,,1003.3,,8.25
2024-07-16,23.4,20.1,27.0,,,,4.1,,1002.8,,11.1
2024-07-17,20.3,17.8,22.9,,,,2.9,,1002.2,,12.0
2024-07-18,19.8,17.1,23.6,,,,4.7,,1001.7,,8.5
2024-07-19,19.8,15.3,23.6,,,,2.8,,1001.6,,9.3
2024-07-20,20.9,16.1,26.1,,,,3.5,,1001.3,,26.2
2024-07-21,20.9,15.9,25.2,,,,4.8,,1004.5,,11.0
2024-07-22,22.9,16.3,28.2,,,,3.0,,1007.0,,12.8
2024-07-23,24.6,20.4,28.4,,,,4.6,,1003.1,,14.6
2024-07-24,22.1,18.2,25.2,,,,4.2,,1001.4,,9.78
2024-07-25,21.0,15.3,26.3,,,,5.9,,1003.0,,7.21
2024-07-26,23.9,19.3,29.9,,,,7.3,,997.3,,22.6
2024-07-27,21.7,15.3,26.7,,,,7.0,,1003.7,,10.7
2024-07-28,19.9,15.9,23.9,,,,6.2,,1006.1,,9.29
2024-07-29,19.6,14.1,24.0,,,,5.4,,1007.2,,18.4
2024-07-30,21.8,14.5,27.9,,,,4.1,,1007.6,,13.7
2024-07-31,25.2,17.8,32.0,,,,4.9,,1009.0,,17.3
2024-08-01,28.1,21.5,34.0,,,,5.5,,1004.9,,16.5
2024-08-02,25.2,18.9,31.2,,,,5.1,,998.1,,12.4
2024-08-03,22.4,17.0,27.3,,,,4.9,,1002.2,,10.1
2024-08-04,21.7,18.2,24.5,,,,5.2,,1004.0,,9.5
2024-08-05,20.9,14.4,26.3,,,,5.1,,1006.4,,9.96
2024-08-06,22.9,15.6,28.9,,,,2.7,,1007.5,,10.3
2024-08-07,23.5,20.3,27.7,,,,3.9,,1004.3,,11.8
2024-08-08,21.4,17.2,26.8,,,,3.8,,1003.8,,8.61
2024-08-09,17.6,12.9,20.3,,,,8.2,,1000.2,,6.96
2024-08-10,14.8,11.3,18.2,,,,7.6,,1008.0,,11.6
2024-08-11,16.8,12.3,20.9,,,,2.6,,1010.3,,10.3
2024-08-12,19.2,14.8,26.0,,,,3.9,,1005.8,,13.1
2024-08-13,22.2,15.8,29.0,,,,6.3,,1005.6,,10.8
2024-08-14,20.2,14.3,25.6,,,,7.3,,1006.4,,7.74
2024-08-15,17.6,14.1,22.4,,,,6.0,,1006.3,,8.83
2024-08-16,17.6,12.6,23.6,,,,10.4,,1003.6,,8.79
2024-08-17,17.5,13.4,22.1,,,,6.4,,1005.3,,11.9
2024-08-18,16.4,12.0,20.4,,,,6.4,,1006.3,,8.29
2024-08-19,16.8,12.2,20.6,,,,5.7,,1009.1,,7.83
2024-08-20,16.6,14.0,19.2,,,,5.5,,1006.7,,9.25
2024-08-21,17.4,11.5,22.8,,,,3.3,,1009.5,,10.6
2024-08-22,17.6,14.4,21.3,,,,6.2,,1005.8,,8.77
2024-08-23,15.1,12.2,18.0,,,,5.4,,1002.1,,8.35
2024-08-24,13.4,11.9,15.1,,,,6.2,,1004.6,,7.79
2024-08-25,13.1,10.6,16.2,,,,9.2,,1011.7,,5.58
2024-08-26,13.9,10.5,17.7,,,,4.4,,1015.7,,8.13
2024-08-27,14.5,9.6,18.8,,,,2.4,,1017.4,,18.4
2024-08-28,15.3,9.4,20.7,,,,3.0,,1020.6,,23.5
2024-08-29,16.9,10.9,22.3,,,,1.5,,1019.4,,18.7
2024-08-30,17.1,12.5,21.6,,,,2.8,,1017.1,,15.5
2024-08-31,15.8,11.7,20.0,,,,4.1,,1017.0,,15.6
2024-09-01,14.3,10.6,18.0,,,,5.2,,1018.0,,
2024-09-02,13.8,9.5,18.1,,,,3.7,,1019.4,,
2024-09-03,14.5,9.4,19.1,,,,4.4,,1019.6,,
2024-09-04,11.2,8.1,13.5,,,,4.4,,1013.3,,
2024-09-05,8.8,6.1,12.5,,,,7.1,,1012.9,,
2024-09-06,8.1,6.2,9.8,,,,6.6,,1015.7,,
2024-09-07,10.2,6.3,14.7,,,,5.9,,1017.9,,
2024-09-08,12.7,9.3,16.8,,,,2.4,,1021.7,,
2024-09-09,13.7,7.6,19.1,,,,1.9,,1023.5,,
2024-09-10,15.7,11.7,19.9,,,,3.6,,1024.2,,
2024-09-11,14.1,11.2,17.7,,,,9.0,,1027.2,,
2024-09-12,11.3,7.0,15.0,,,,8.3,,1030.6,,
2024-09-13,13.7,9.3,18.1,,,,8.5,,1026.0,,
2024-09-14,14.6,8.8,20.0,,,,4.5,,1024.2,,
2024-09-15,13.9,9.5,18.4,,,,5.2,,1022.7,,
2024-09-16,8.3,4.7,10.8,,,,9.4,,1028.5,,
2024-09-17,7.7,1.7,13.3,,,,7.4,,1033.9,,
2024-09-18,9.6,3.2,15.3,,,,4.6,,1033.0,,
2024-09-19,11.9,5.8,17.4,,,,5.0,,1024.6,,
2024-09-20,12.1,7.8,16.8,,,,3.1,,1014.8,,
2024-09-21,13.1,6.2,20.2,,,,3.9,,1016.0,,
2024-09-22,14.4,7.1,21.1,,,,7.0,,1011.4,,
2024-09-23,11.6,5.5,14.7,,,,6.6,,1013.8,,
2024-09-24,7.2,2.3,12.6,,,,3.6,,1021.5,,
2024-09-25,5.9,0.9,11.2,,,,2.1,,1024.2,,18.1
2024-09-26,4.8,1.6,8.4,,,,4.6,,1025.5,,19.0
2024-09-27,4.9,-1.0,9.4,,,,3.2,,1030.2,,16.2
2024-09-28,12.2,7.1,18.9,,,,2.3,,1031.5,,22.8
2024-09-29,13.0,6.5,19.8,,,,1.4,,1034.3,,33.2
2024-09-30,13.1,4.9,21.6,,,,0.8,,1031.1,,66.0
2024-10-01,14.0,5.9,22.6,,,,2.9,,1022.7,,36.4
2024-10-02,10.6,5.4,15.0,,,,10.6,,1020.6,,13.6
2024-10-03,6.7,1.5,12.4,,,,7.4,,1029.9,,
2024-10-04,9.4,3.4,16.3,,,,3.5,,1029.5,,
2024-10-05,11.2,4.7,18.2,,,,3.2,,1021.4,,
2024-10-06,11.8,5.9,19.1,,,,2.7,,1015.0,,
2024-10-07,9.5,4.6,15.7,,,,3.6,,1023.6,,
2024-10-08,11.5,4.0,18.1,,,,4.1,,1026.8,,34.0
2024-10-09,14.9,9.5,21.8,,,,3.2,,1017.7,,33.8
2024-10-10,14.0,8.5,20.9,,,,3.8,,1008.4,,23.0
2024-10-11,5.7,0.2,11.0,,,,10.8,,1002.4,,11.0
2024-10-12,-2.2,-4.1,-0.3,,,,13.4,,1018.7,,9.17
2024-10-13,-4.2,-7.3,-1.0,,,,11.0,,1031.5,,8.09
2024-10-14,-2.6,-5.5,1.2,,,,9.3,,1028.7,,10.4
2024-10-15,-1.3,-4.0,2.2,,,,8.5,,1026.6,,12.9
2024-10-16,0.9,-3.8,5.6,,,,6.4,,1029.2,,30.0
2024-10-17,2.4,-2.4,7.8,,,,1.4,,1033.9,,67.8
2024-10-18,3.3,-2.1,9.0,,,,0.4,,1033.2,,71.5
2024-10-19,5.4,1.3,11.4,,,,1.3,,1029.9,,58.2
2024-10-20,5.2,-1.3,11.5,,,,2.1,,1025.3,,38.3
2024-10-21,6.2,4.4,8.6,,,,2.6,,1016.2,,23.1
2024-10-22,5.0,2.1,7.6,,,,2.6,,1012.9,,14.8
2024-10-23,5.3,4.5,6.3,,,,6.5,,1012.1,,8.82
2024-10-24,4.7,2.8,5.9,,,,10.2,,1013.1,,5.61
2024-10-25,6.8,5.6,7.8,,,,9.3,,1014.5,,8.63
2024-10-26,6.3,4.3,8.2,,,,5.5,,1017.2,,11.3
2024-10-27,4.5,2.0,6.5,,,,4.7,,1017.4,,7.5
2024-10-28,2.9,0.7,6.1,,,,10.0,,1009.7,,8.83
2024-10-29,0.7,-1.7,3.0,,,,4.7,,1023.7,,10.7
2024-10-30,1.7,-0.4,3.8,,,,5.6,,1024.5,,8.79
2024-10-31,2.6,1.8,3.7,,,,4.5,,1021.4,,8.0
2024-11-01,2.8,1.0,4.9,,,,6.2,,1021.4,,5.95
2024-11-02,2.4,1.7,3.3,,,,10.2,,1014.5,,6.38
2024-11-03,9.5,3.9,13.1,,,,16.8,,1010.5,,8.7
2024-11-04,2.9,-3.9,9.6,,,,7.9,,1009.8,,13.5
2024-11-05,-2.8,-5.7,0.3,,,,2.7,,1021.2,,11.3
2024-11-06,1.2,-1.6,4.8,,,,16.2,,1003.7,,6.25
2024-11-07,-3.8,-4.8,-1.5,,,,19.1,,1012.0,,5.83
2024-11-08,-5.9,-8.4,-4.4,,,,7.9,,1025.8,,6.0
2024-11-09,-6.5,-10.4,-2.8,,,,11.7,,1024.5,,6.33
2024-11-10,-0.6,-2.5,0.4,,,,16.4,,1007.8,,2.92
2024-11-11,-5.4,-12.5,0.2,,,,7.2,,1014.7,,8.79
2024-11-12,-11.3,-12.8,-9.4,,,,4.0,,1027.8,,8.87
2024-11-13,-9.2,-12.5,-6.3,,,,7.7,,1021.7,,6.88
2024-11-14,-5.5,-9.5,-2.4,,,,8.5,,1025.9,,7.25
2024-11-15,-2.4,-4.4,-1.7,,,,6.8,,1028.6,,7.42
2024-11-16,-6.2,-8.7,-3.6,,,,6.6,,1027.9,,8.83
2024-11-17,-5.1,-6.8,-2.7,,,,5.5,,1023.3,,15.0
2024-11-18,-5.2,-8.1,-1.0,,,,4.6,,1026.1,,19.0
2024-11-19,-6.6,-10.5,-2.1,,,,2.8,,1026.2,,58.4
2024-11-20,-2.8,-7.8,2.6,,,,2.8,,1018.3,,56.5
2024-11-21,-1.7,-2.6,-0.4,,,,11.0,,1021.9,,14.0
2024-11-22,-3.2,-5.3,-1.1,,,,3.8,,1041.3,,9.43
2024-11-23,-5.2,-6.3,-2.6,,,,2.8,,1049.8,,37.7
2024-11-24,-3.5,-7.4,2.1,,,,2.6,,1047.1,,62.6
2024-11-25,-1.9,-3.5,1.5,,,,4.9,,1040.1,,29.8
2024-11-26,-4.0,-6.4,-0.4,,,,4.0,,1034.5,,29.2
2024-11-27,-4.8,-7.4,-0.5,,,,1.5,,1030.1,,37.3
2024-11-28,-5.4,-7.8,-1.6,,,,1.1,,1022.3,,69.3
2024-11-29,-8.8,-11.0,-5.5,,,,2.0,,1019.5,,64.1
2024-11-30,-12.0,-14.8,-8.1,,,,1.4,,1023.1,,84.8
2024-12-01,-11.9,-13.6,-10.0,,,,2.4,,1024.4,,44.2
2024-12-02,-7.3,-9.9,-4.9,,,,3.1,,1031.3,,17.4
2024-12-03,-7.0,-8.6,-5.4,,,,4.9,,1035.3,,22.0
2024-12-04,-9.6,-11.6,-7.4,,,,4.9,,1037.5,,24.1
2024-12-05,-5.7,-9.3,-3.4,,,,5.3,,1032.3,,17.9
2024-12-06,-6.7,-7.8,-5.5,,,,4.2,,1028.8,,9.67
2024-12-07,-9.6,-15.6,-6.9,,,,4.8,,1032.2,,26.0
2024-12-08,-16.4,-17.9,-13.9,,,,3.4,,1042.9,,45.3
2024-12-09,-19.6,-21.7,-16.4,,,,1.5,,1050.1,,32.0
2024-12-10,-20.0,-23.0,-16.2,,,,5.8,,1045.9,,22.3
2024-12-11,-13.0,-15.9,-11.0,,,,14.0,,1034.4,,8.13
2024-12-12,-9.6,-10.9,-8.0,,,,16.5,,1026.5,,11.4
2024-12-13,-7.0,-10.5,-3.9,,,,13.4,,1016.9,,7.83
2024-12-14,-2.5,-4.7,0.5,,,,8.0,,1011.4,,12.0
2024-12-15,-7.3,-12.1,0.2,,,,7.6,,1017.4,,
2024-12-16,-12.2,-14.2,-10.0,,,,12.9,,1039.3,,
2024-12-17,-11.3,-13.8,-8.5,,,,10.3,,1030.8,,4.73
2024-12-18,-7.7,-9.9,-5.5,,,,11.0,,1015.8,,6.33
2024-12-19,-2.0,-5.1,0.0,,,,13.3,,1009.8,,11.4
2024-12-20,-5.9,-11.2,-2.5,,,,9.5,,1013.9,,6.38
2024-12-21,-12.1,-13.3,-10.2,,,,7.8,,1028.3,,8.13
2024-12-22,-10.7,-14.1,-7.3,,,,8.8,,1031.9,,6.42
2024-12-23,-6.4,-7.4,-5.5,,,,3.5,,1034.1,,11.4
2024-12-24,-6.3,-8.7,-3.7,,,,1.7,,1038.7,,14.1
2024-12-25,-7.3,-9.4,-5.0,,,,1.4,,1040.5,,44.2
2024-12-26,-9.0,-11.1,-6.5,,,,5.1,,1033.7,,10.4
2024-12-27,-10.6,-12.5,-7.7,,,,7.9,,1026.5,,7.08
2024-12-28,-5.9,-8.0,-4.0,,,,8.8,,1025.9,,8.75
2024-12-29,-7.1,-9.1,-6.1,,,,6.3,,1024.2,,4.35
2024-12-30,-8.6,-10.4,-7.1,,,,3.6,,1025.3,,14.5
2024-12-31,-8.9,-10.9,-6.8,,,,2.8,,1025.7,,16.5
